"Score","Category","File","FullPath","LineNumber","SuggestedRange","MatchedPattern","Code"
"11","Generated report or output format","tools\generate_data_lineage.py","C:\Users\pc\OneDrive\Documents\Project Intelligence Hub\tools\generate_data_lineage.py","61","58-69","Output Studio; output studio; \.csv; output","item(""Output Studio"", ""Executive dashboard"", ""All management KPIs, alerts, discipline and cost views"", ""projects.csv, activities.csv, evm.csv, contracts.csv, payments.csv, risks.csv, milestones.csv, s_curve.csv"", ""overview/EVM/contract/risk/milestone/activity fields"", ""Use already scoped dashboard metric dictionaries"", ""dashboard.build_the_big_decision_dashboard_html"", output=""selected-project-prefixed HTML download""),"
"9","Output Studio","dr.ps1","C:\Users\pc\OneDrive\Documents\Project Intelligence Hub\dr.ps1","215","212-223","Output Studio; output studio; output; report","[void]$Builder.AppendLine(""Identify files, reports, functions and code lines associated with Output Studio report generation."")"
"9","Output Studio","scripts\evaluate_output_studio.py","C:\Users\pc\OneDrive\Documents\Project Intelligence Hub\scripts\evaluate_output_studio.py","21","18-29","output_studio; output","OUTPUT_DIR = GENERATED_DIR / ""output_studio_eval"""
"9","Output Studio","tools\configure_github_sync_credentials.ps1","C:\Users\pc\OneDrive\Documents\Project Intelligence Hub\tools\configure_github_sync_credentials.ps1","40","37-43","Output Studio; output studio; output","Write-Host ""Restart Streamlit and open a new VS Code terminal before using the Output Studio controls."""
"9","Output Studio","tools\generate_data_lineage.py","C:\Users\pc\OneDrive\Documents\Project Intelligence Hub\tools\generate_data_lineage.py","62","59-70","Output Studio; output studio; pptx; output","item(""Output Studio"", ""Linked executive dashboard"", ""HTML/PPTX/A3/EVM outputs"", ""same active-project metric dictionaries"", ""all linked dashboard KPI fields"", ""No fallback to another project; project-prefixed filenames"", ""dashboard.build_linked_executive_dashboard_html and export helpers"", output=""selected-project-prefixed HTML/PPTX downloads""),"
"9","Output Studio","tools\generate_data_lineage.py","C:\Users\pc\OneDrive\Documents\Project Intelligence Hub\tools\generate_data_lineage.py","63","60-71","Output Studio; output studio; output; report","item(""Output Studio"", ""Detailed Progress report"", ""XLSX, HTML, DOCX, Power BI style"", ""all selected-project operational CSVs and letters"", ""report control, project, activities, schedule, cost, risk, correspondence"", ""Build report package from active project metrics and tables"", ""dashboard.build_detailed_progress_report_package"", output=""selected-project-prefixed XLSX/HTML/DOCX downloads""),"
"9","Output Studio","tools\validate_project_isolation.py","C:\Users\pc\OneDrive\Documents\Project Intelligence Hub\tools\validate_project_isolation.py","134","131-142","Output Studio; output studio; output; report","for number, label in [(4, ""Core project data paths are isolated""), (5, ""Claims Intelligence databases are isolated""), (6, ""Delay TIA paths are isolated""), (7, ""Output Studio paths are isolated""), (8, ""Reports save under selected project""), (9, ""Slides save under selected project""), (10, ""Exports save under selected project""), (17, ""Cache keys include project identity"")]:"
"8","Output Studio","scripts\evaluate_output_studio.py","C:\Users\pc\OneDrive\Documents\Project Intelligence Hub\scripts\evaluate_output_studio.py","109","106-117","output_studio; output","def extract_output_studio_source(source: str) -> str:"
"6","Generated report or output format",".sync_state\local_manifest.json","C:\Users\pc\OneDrive\Documents\Project Intelligence Hub\.sync_state\local_manifest.json","213","210-221","\.docx; output","""11-outputs/power_bi_package/docs/Power_BI_Build_Guide.docx"":  {"
"6","Generated report or output format",".sync_state\local_manifest.json","C:\Users\pc\OneDrive\Documents\Project Intelligence Hub\.sync_state\local_manifest.json","518","515-526","\.csv","""projects/Bridges/LMD-Bridgs/02-delay_analysis/steel_delay_tia_templates/04-p6_activity_export.csv"":  {"
"6","Generated report or output format",".sync_state\local_manifest.json","C:\Users\pc\OneDrive\Documents\Project Intelligence Hub\.sync_state\local_manifest.json","783","780-791","\.csv","""projects/Buildings/Sophia-Mall/01-data/import_templates/activities.csv"":  {"
"6","Generated report or output format",".sync_state\local_manifest.json","C:\Users\pc\OneDrive\Documents\Project Intelligence Hub\.sync_state\local_manifest.json","788","785-796","\.csv","""projects/Buildings/Sophia-Mall/01-data/import_templates/change_orders.csv"":  {"
"6","Generated report or output format",".sync_state\local_manifest.json","C:\Users\pc\OneDrive\Documents\Project Intelligence Hub\.sync_state\local_manifest.json","793","790-801","\.csv","""projects/Buildings/Sophia-Mall/01-data/import_templates/claims.csv"":  {"
"6","Generated report or output format",".sync_state\local_manifest.json","C:\Users\pc\OneDrive\Documents\Project Intelligence Hub\.sync_state\local_manifest.json","798","795-806","\.csv","""projects/Buildings/Sophia-Mall/01-data/import_templates/contracts.csv"":  {"
"6","Generated report or output format",".sync_state\local_manifest.json","C:\Users\pc\OneDrive\Documents\Project Intelligence Hub\.sync_state\local_manifest.json","803","800-811","\.csv","""projects/Buildings/Sophia-Mall/01-data/import_templates/cost_items.csv"":  {"
"6","Generated report or output format",".sync_state\local_manifest.json","C:\Users\pc\OneDrive\Documents\Project Intelligence Hub\.sync_state\local_manifest.json","808","805-816","\.csv","""projects/Buildings/Sophia-Mall/01-data/import_templates/delay_events.csv"":  {"
"6","Generated report or output format",".sync_state\local_manifest.json","C:\Users\pc\OneDrive\Documents\Project Intelligence Hub\.sync_state\local_manifest.json","813","810-821","\.csv","""projects/Buildings/Sophia-Mall/01-data/import_templates/Delivered_steel_site.csv"":  {"
"6","Generated report or output format",".sync_state\local_manifest.json","C:\Users\pc\OneDrive\Documents\Project Intelligence Hub\.sync_state\local_manifest.json","818","815-826","\.csv","""projects/Buildings/Sophia-Mall/01-data/import_templates/engineering_log.csv"":  {"
"6","Generated report or output format",".sync_state\local_manifest.json","C:\Users\pc\OneDrive\Documents\Project Intelligence Hub\.sync_state\local_manifest.json","823","820-831","\.csv","""projects/Buildings/Sophia-Mall/01-data/import_templates/evm.csv"":  {"
"6","Generated report or output format",".sync_state\local_manifest.json","C:\Users\pc\OneDrive\Documents\Project Intelligence Hub\.sync_state\local_manifest.json","828","825-836","\.csv","""projects/Buildings/Sophia-Mall/01-data/import_templates/ifc_conflict.csv"":  {"
"6","Generated report or output format",".sync_state\local_manifest.json","C:\Users\pc\OneDrive\Documents\Project Intelligence Hub\.sync_state\local_manifest.json","833","830-841","\.csv","""projects/Buildings/Sophia-Mall/01-data/import_templates/milestones.csv"":  {"
"6","Generated report or output format",".sync_state\local_manifest.json","C:\Users\pc\OneDrive\Documents\Project Intelligence Hub\.sync_state\local_manifest.json","838","835-846","\.csv","""projects/Buildings/Sophia-Mall/01-data/import_templates/payments.csv"":  {"
"6","Generated report or output format",".sync_state\local_manifest.json","C:\Users\pc\OneDrive\Documents\Project Intelligence Hub\.sync_state\local_manifest.json","843","840-851","\.csv","""projects/Buildings/Sophia-Mall/01-data/import_templates/progress_updates.csv"":  {"
"6","Generated report or output format",".sync_state\local_manifest.json","C:\Users\pc\OneDrive\Documents\Project Intelligence Hub\.sync_state\local_manifest.json","848","845-856","\.csv","""projects/Buildings/Sophia-Mall/01-data/import_templates/projects.csv"":  {"
"6","Generated report or output format",".sync_state\local_manifest.json","C:\Users\pc\OneDrive\Documents\Project Intelligence Hub\.sync_state\local_manifest.json","853","850-861","\.csv","""projects/Buildings/Sophia-Mall/01-data/import_templates/rfi_ status.csv"":  {"
"6","Generated report or output format",".sync_state\local_manifest.json","C:\Users\pc\OneDrive\Documents\Project Intelligence Hub\.sync_state\local_manifest.json","858","855-866","\.csv","""projects/Buildings/Sophia-Mall/01-data/import_templates/rft_qtys.csv"":  {"
"6","Generated report or output format",".sync_state\local_manifest.json","C:\Users\pc\OneDrive\Documents\Project Intelligence Hub\.sync_state\local_manifest.json","863","860-871","\.csv","""projects/Buildings/Sophia-Mall/01-data/import_templates/risks.csv"":  {"
"6","Generated report or output format",".sync_state\local_manifest.json","C:\Users\pc\OneDrive\Documents\Project Intelligence Hub\.sync_state\local_manifest.json","868","865-876","\.csv","""projects/Buildings/Sophia-Mall/01-data/import_templates/steel_activities_relationship.csv"":  {"
"6","Generated report or output format",".sync_state\local_manifest.json","C:\Users\pc\OneDrive\Documents\Project Intelligence Hub\.sync_state\local_manifest.json","873","870-881","\.csv","""projects/Buildings/Sophia-Mall/01-data/import_templates/steel_delay_status_mployer_free_issue_material.csv"":  {"
"6","Generated report or output format",".sync_state\local_manifest.json","C:\Users\pc\OneDrive\Documents\Project Intelligence Hub\.sync_state\local_manifest.json","878","875-886","\.csv","""projects/Buildings/Sophia-Mall/01-data/import_templates/s_curve.csv"":  {"
"6","Generated report or output format",".sync_state\local_manifest.json","C:\Users\pc\OneDrive\Documents\Project Intelligence Hub\.sync_state\local_manifest.json","883","880-891","\.csv","""projects/Buildings/Sophia-Mall/01-data/import_templates/wbs.csv"":  {"
"6","Generated report or output format",".sync_state\local_manifest.json","C:\Users\pc\OneDrive\Documents\Project Intelligence Hub\.sync_state\local_manifest.json","888","885-896","\.docx","""projects/Buildings/Sophia-Mall/02-delay_analysis/methodology/TIA methodology.docx"":  {"
"6","Generated report or output format",".sync_state\local_manifest.json","C:\Users\pc\OneDrive\Documents\Project Intelligence Hub\.sync_state\local_manifest.json","898","895-906","\.csv","""projects/Buildings/Sophia-Mall/02-delay_analysis/steel_delay_tia_templates/01-project_metadata_template.csv"":  {"
"6","Generated report or output format",".sync_state\local_manifest.json","C:\Users\pc\OneDrive\Documents\Project Intelligence Hub\.sync_state\local_manifest.json","903","900-911","\.csv","""projects/Buildings/Sophia-Mall/02-delay_analysis/steel_delay_tia_templates/02-master_activity_steel_analysis.csv"":  {"
"6","Generated report or output format",".sync_state\local_manifest.json","C:\Users\pc\OneDrive\Documents\Project Intelligence Hub\.sync_state\local_manifest.json","908","905-916","\.csv","""projects/Buildings/Sophia-Mall/02-delay_analysis/steel_delay_tia_templates/03-employer_steel_supply_at_site.csv"":  {"
"6","Generated report or output format",".sync_state\local_manifest.json","C:\Users\pc\OneDrive\Documents\Project Intelligence Hub\.sync_state\local_manifest.json","913","910-921","\.csv","""projects/Buildings/Sophia-Mall/02-delay_analysis/steel_delay_tia_templates/04-p6_activity_export.csv"":  {"
"6","Generated report or output format",".sync_state\local_manifest.json","C:\Users\pc\OneDrive\Documents\Project Intelligence Hub\.sync_state\local_manifest.json","918","915-926","\.csv","""projects/Buildings/Sophia-Mall/02-delay_analysis/steel_delay_tia_templates/05-relationship_file.csv"":  {"
"6","Generated report or output format",".sync_state\local_manifest.json","C:\Users\pc\OneDrive\Documents\Project Intelligence Hub\.sync_state\local_manifest.json","923","920-931","\.csv","""projects/Buildings/Sophia-Mall/02-delay_analysis/steel_delay_tia_templates/06-contract_library.csv"":  {"
"6","Generated report or output format",".sync_state\local_manifest.json","C:\Users\pc\OneDrive\Documents\Project Intelligence Hub\.sync_state\local_manifest.json","928","925-936","\.csv","""projects/Buildings/Sophia-Mall/02-delay_analysis/steel_delay_tia_templates/07-ifc_conflict.csv"":  {"
"6","Generated report or output format",".sync_state\local_manifest.json","C:\Users\pc\OneDrive\Documents\Project Intelligence Hub\.sync_state\local_manifest.json","933","930-941","\.csv","""projects/Buildings/Sophia-Mall/02-delay_analysis/steel_delay_tia_templates/08-payments.csv"":  {"
"6","Generated report or output format",".sync_state\local_manifest.json","C:\Users\pc\OneDrive\Documents\Project Intelligence Hub\.sync_state\local_manifest.json","938","935-946","\.csv","""projects/Buildings/Sophia-Mall/02-delay_analysis/steel_delay_tia_templates/09-rfi_status.csv"":  {"
"6","Generated report or output format",".sync_state\local_manifest.json","C:\Users\pc\OneDrive\Documents\Project Intelligence Hub\.sync_state\local_manifest.json","943","940-951","\.csv","""projects/Buildings/Sophia-Mall/02-delay_analysis/steel_delay_tia_templates/10-contractor_steel_supplied_at_site.csv"":  {"
"6","Generated report or output format",".sync_state\local_manifest.json","C:\Users\pc\OneDrive\Documents\Project Intelligence Hub\.sync_state\local_manifest.json","948","945-956","\.csv","""projects/Buildings/Sophia-Mall/02-delay_analysis/steel_delay_tia_templates/11-concurrency_matrix_template.updated.csv"":  {"
"6","Generated report or output format",".sync_state\local_manifest.json","C:\Users\pc\OneDrive\Documents\Project Intelligence Hub\.sync_state\local_manifest.json","953","950-961","\.csv","""projects/Buildings/Sophia-Mall/02-delay_analysis/steel_delay_tia_templates/12-client_steel_demand_by_dia_wide.csv"":  {"
"6","Generated report or output format",".sync_state\local_manifest.json","C:\Users\pc\OneDrive\Documents\Project Intelligence Hub\.sync_state\local_manifest.json","958","955-966","\.csv","""projects/Buildings/Sophia-Mall/02-delay_analysis/steel_delay_tia_templates/13-client_steel_supply_by_dia_wide.csv"":  {"
"6","Generated report or output format",".sync_state\local_manifest.json","C:\Users\pc\OneDrive\Documents\Project Intelligence Hub\.sync_state\local_manifest.json","968","965-976","\.csv","""projects/Buildings/Sophia-Mall/03-schedule/BL critical path.csv"":  {"
"6","Generated report or output format",".sync_state\local_manifest.json","C:\Users\pc\OneDrive\Documents\Project Intelligence Hub\.sync_state\local_manifest.json","973","970-981","\.csv","""projects/Buildings/Sophia-Mall/03-schedule/BL float bath.csv"":  {"
"6","Generated report or output format",".sync_state\local_manifest.json","C:\Users\pc\OneDrive\Documents\Project Intelligence Hub\.sync_state\local_manifest.json","978","975-986","\.csv","""projects/Buildings/Sophia-Mall/03-schedule/Bl Longest bath.csv"":  {"
"6","Generated report or output format",".sync_state\local_manifest.json","C:\Users\pc\OneDrive\Documents\Project Intelligence Hub\.sync_state\local_manifest.json","983","980-991","\.csv","""projects/Buildings/Sophia-Mall/03-schedule/BL Schedule.csv"":  {"
"6","Generated report or output format",".sync_state\local_manifest.json","C:\Users\pc\OneDrive\Documents\Project Intelligence Hub\.sync_state\local_manifest.json","988","985-996","\.csv","""projects/Buildings/Sophia-Mall/03-schedule/MEP Activities.csv"":  {"
"6","Generated report or output format",".sync_state\local_manifest.json","C:\Users\pc\OneDrive\Documents\Project Intelligence Hub\.sync_state\local_manifest.json","993","990-1001","\.csv","""projects/Buildings/Sophia-Mall/03-schedule/MEP Civil Logic.csv"":  {"
"6","Generated report or output format",".sync_state\local_manifest.json","C:\Users\pc\OneDrive\Documents\Project Intelligence Hub\.sync_state\local_manifest.json","998","995-1006","\.csv","""projects/Buildings/Sophia-Mall/03-schedule/MEP Schedule.csv"":  {"
"6","Generated report or output format",".sync_state\local_manifest.json","C:\Users\pc\OneDrive\Documents\Project Intelligence Hub\.sync_state\local_manifest.json","1023","1020-1031","\.pdf","""projects/Buildings/Sophia-Mall/05-contracts/source/Overall Contract.pdf"":  {"
"6","Generated report or output format",".sync_state\local_manifest.json","C:\Users\pc\OneDrive\Documents\Project Intelligence Hub\.sync_state\local_manifest.json","1028","1025-1036","\.xlsx; \.xls","""projects/Buildings/Sophia-Mall/05-contracts/source/Overall_Contract_clause_library.xlsx"":  {"
"6","Generated report or output format",".sync_state\local_manifest.json","C:\Users\pc\OneDrive\Documents\Project Intelligence Hub\.sync_state\local_manifest.json","1043","1040-1051","\.csv","""projects/Buildings/Sophia-Mall/06-evidence/clause_reference_template.csv"":  {"
"6","Generated report or output format",".sync_state\local_manifest.json","C:\Users\pc\OneDrive\Documents\Project Intelligence Hub\.sync_state\local_manifest.json","1048","1045-1056","\.csv","""projects/Buildings/Sophia-Mall/06-evidence/contract_evidence_register_template.csv"":  {"
"6","Generated report or output format",".sync_state\local_manifest.json","C:\Users\pc\OneDrive\Documents\Project Intelligence Hub\.sync_state\local_manifest.json","1053","1050-1061","\.csv","""projects/Buildings/Sophia-Mall/06-evidence/correspondence_reference_template.csv"":  {"
"6","Generated report or output format",".sync_state\local_manifest.json","C:\Users\pc\OneDrive\Documents\Project Intelligence Hub\.sync_state\local_manifest.json","1058","1055-1066","\.csv","""projects/Buildings/Sophia-Mall/06-evidence/document_reference_template.csv"":  {"
"6","Generated report or output format",".sync_state\local_manifest.json","C:\Users\pc\OneDrive\Documents\Project Intelligence Hub\.sync_state\local_manifest.json","1063","1060-1071","\.csv","""projects/Buildings/Sophia-Mall/06-evidence/evidence_register_template.csv"":  {"
"6","Generated report or output format",".sync_state\local_manifest.json","C:\Users\pc\OneDrive\Documents\Project Intelligence Hub\.sync_state\local_manifest.json","1068","1065-1076","\.csv","""projects/Buildings/Sophia-Mall/06-evidence/photo_log_template.csv"":  {"
"6","Generated report or output format",".sync_state\local_manifest.json","C:\Users\pc\OneDrive\Documents\Project Intelligence Hub\.sync_state\local_manifest.json","1093","1090-1101","\.csv","""projects/Buildings/Sophia-Mall/08-branding/color_palette_template.csv"":  {"
"6","Generated report or output format",".sync_state\local_manifest.json","C:\Users\pc\OneDrive\Documents\Project Intelligence Hub\.sync_state\local_manifest.json","1173","1170-1181","\.csv","""projects/Buildings/The BIG - PH01/01-data/import_templates/activities.csv"":  {"
"6","Generated report or output format",".sync_state\local_manifest.json","C:\Users\pc\OneDrive\Documents\Project Intelligence Hub\.sync_state\local_manifest.json","1178","1175-1186","\.csv","""projects/Buildings/The BIG - PH01/01-data/import_templates/change_orders.csv"":  {"
"6","Generated report or output format",".sync_state\local_manifest.json","C:\Users\pc\OneDrive\Documents\Project Intelligence Hub\.sync_state\local_manifest.json","1183","1180-1191","\.csv","""projects/Buildings/The BIG - PH01/01-data/import_templates/claims.csv"":  {"
"6","Generated report or output format",".sync_state\local_manifest.json","C:\Users\pc\OneDrive\Documents\Project Intelligence Hub\.sync_state\local_manifest.json","1188","1185-1196","\.csv","""projects/Buildings/The BIG - PH01/01-data/import_templates/contracts.csv"":  {"
"6","Generated report or output format",".sync_state\local_manifest.json","C:\Users\pc\OneDrive\Documents\Project Intelligence Hub\.sync_state\local_manifest.json","1193","1190-1201","\.csv","""projects/Buildings/The BIG - PH01/01-data/import_templates/cost_items.csv"":  {"
"6","Generated report or output format",".sync_state\local_manifest.json","C:\Users\pc\OneDrive\Documents\Project Intelligence Hub\.sync_state\local_manifest.json","1198","1195-1206","\.csv","""projects/Buildings/The BIG - PH01/01-data/import_templates/delay_events.csv"":  {"
"6","Generated report or output format",".sync_state\local_manifest.json","C:\Users\pc\OneDrive\Documents\Project Intelligence Hub\.sync_state\local_manifest.json","1203","1200-1211","\.csv","""projects/Buildings/The BIG - PH01/01-data/import_templates/Delivered_steel_site.csv"":  {"
"6","Generated report or output format",".sync_state\local_manifest.json","C:\Users\pc\OneDrive\Documents\Project Intelligence Hub\.sync_state\local_manifest.json","1208","1205-1216","\.csv","""projects/Buildings/The BIG - PH01/01-data/import_templates/engineering_log.csv"":  {"
"6","Generated report or output format",".sync_state\local_manifest.json","C:\Users\pc\OneDrive\Documents\Project Intelligence Hub\.sync_state\local_manifest.json","1213","1210-1221","\.csv","""projects/Buildings/The BIG - PH01/01-data/import_templates/evm.csv"":  {"
"6","Generated report or output format",".sync_state\local_manifest.json","C:\Users\pc\OneDrive\Documents\Project Intelligence Hub\.sync_state\local_manifest.json","1218","1215-1226","\.csv","""projects/Buildings/The BIG - PH01/01-data/import_templates/ifc_conflict.csv"":  {"
"6","Generated report or output format",".sync_state\local_manifest.json","C:\Users\pc\OneDrive\Documents\Project Intelligence Hub\.sync_state\local_manifest.json","1223","1220-1231","\.csv","""projects/Buildings/The BIG - PH01/01-data/import_templates/milestones.csv"":  {"
"6","Generated report or output format",".sync_state\local_manifest.json","C:\Users\pc\OneDrive\Documents\Project Intelligence Hub\.sync_state\local_manifest.json","1228","1225-1236","\.csv","""projects/Buildings/The BIG - PH01/01-data/import_templates/payments.csv"":  {"
"6","Generated report or output format",".sync_state\local_manifest.json","C:\Users\pc\OneDrive\Documents\Project Intelligence Hub\.sync_state\local_manifest.json","1233","1230-1241","\.csv","""projects/Buildings/The BIG - PH01/01-data/import_templates/progress_updates.csv"":  {"
"6","Generated report or output format",".sync_state\local_manifest.json","C:\Users\pc\OneDrive\Documents\Project Intelligence Hub\.sync_state\local_manifest.json","1238","1235-1246","\.csv","""projects/Buildings/The BIG - PH01/01-data/import_templates/projects.csv"":  {"
"6","Generated report or output format",".sync_state\local_manifest.json","C:\Users\pc\OneDrive\Documents\Project Intelligence Hub\.sync_state\local_manifest.json","1243","1240-1251","\.csv","""projects/Buildings/The BIG - PH01/01-data/import_templates/rfi_ status.csv"":  {"
"6","Generated report or output format",".sync_state\local_manifest.json","C:\Users\pc\OneDrive\Documents\Project Intelligence Hub\.sync_state\local_manifest.json","1248","1245-1256","\.csv","""projects/Buildings/The BIG - PH01/01-data/import_templates/rft_qtys.csv"":  {"
"6","Generated report or output format",".sync_state\local_manifest.json","C:\Users\pc\OneDrive\Documents\Project Intelligence Hub\.sync_state\local_manifest.json","1253","1250-1261","\.csv","""projects/Buildings/The BIG - PH01/01-data/import_templates/risks.csv"":  {"
"6","Generated report or output format",".sync_state\local_manifest.json","C:\Users\pc\OneDrive\Documents\Project Intelligence Hub\.sync_state\local_manifest.json","1258","1255-1266","\.csv","""projects/Buildings/The BIG - PH01/01-data/import_templates/steel_activities_relationship.csv"":  {"
"6","Generated report or output format",".sync_state\local_manifest.json","C:\Users\pc\OneDrive\Documents\Project Intelligence Hub\.sync_state\local_manifest.json","1263","1260-1271","\.csv","""projects/Buildings/The BIG - PH01/01-data/import_templates/steel_delay_status_mployer_free_issue_material.csv"":  {"
"6","Generated report or output format",".sync_state\local_manifest.json","C:\Users\pc\OneDrive\Documents\Project Intelligence Hub\.sync_state\local_manifest.json","1268","1265-1276","\.csv","""projects/Buildings/The BIG - PH01/01-data/import_templates/s_curve.csv"":  {"
"6","Generated report or output format",".sync_state\local_manifest.json","C:\Users\pc\OneDrive\Documents\Project Intelligence Hub\.sync_state\local_manifest.json","1273","1270-1281","\.csv","""projects/Buildings/The BIG - PH01/01-data/import_templates/wbs.csv"":  {"
"6","Generated report or output format",".sync_state\local_manifest.json","C:\Users\pc\OneDrive\Documents\Project Intelligence Hub\.sync_state\local_manifest.json","1278","1275-1286","\.docx","""projects/Buildings/The BIG - PH01/02-delay_analysis/methodology/TIA methodology.docx"":  {"
"6","Generated report or output format",".sync_state\local_manifest.json","C:\Users\pc\OneDrive\Documents\Project Intelligence Hub\.sync_state\local_manifest.json","1288","1285-1296","\.csv","""projects/Buildings/The BIG - PH01/02-delay_analysis/steel_delay_tia_templates/01-project_metadata_template.csv"":  {"
"6","Generated report or output format",".sync_state\local_manifest.json","C:\Users\pc\OneDrive\Documents\Project Intelligence Hub\.sync_state\local_manifest.json","1293","1290-1301","\.csv","""projects/Buildings/The BIG - PH01/02-delay_analysis/steel_delay_tia_templates/02- master_activity_steel_analysis.csv"":  {"
"6","Generated report or output format",".sync_state\local_manifest.json","C:\Users\pc\OneDrive\Documents\Project Intelligence Hub\.sync_state\local_manifest.json","1298","1295-1306","\.csv","""projects/Buildings/The BIG - PH01/02-delay_analysis/steel_delay_tia_templates/03- employer_steel_supply_at_site.csv"":  {"
"6","Generated report or output format",".sync_state\local_manifest.json","C:\Users\pc\OneDrive\Documents\Project Intelligence Hub\.sync_state\local_manifest.json","1303","1300-1311","\.csv","""projects/Buildings/The BIG - PH01/02-delay_analysis/steel_delay_tia_templates/04- p6_activity_export.csv"":  {"
"6","Generated report or output format",".sync_state\local_manifest.json","C:\Users\pc\OneDrive\Documents\Project Intelligence Hub\.sync_state\local_manifest.json","1308","1305-1316","\.csv","""projects/Buildings/The BIG - PH01/02-delay_analysis/steel_delay_tia_templates/05- relationship_file.csv"":  {"
"6","Generated report or output format",".sync_state\local_manifest.json","C:\Users\pc\OneDrive\Documents\Project Intelligence Hub\.sync_state\local_manifest.json","1313","1310-1321","\.csv","""projects/Buildings/The BIG - PH01/02-delay_analysis/steel_delay_tia_templates/06- contract_library.csv"":  {"
"6","Generated report or output format",".sync_state\local_manifest.json","C:\Users\pc\OneDrive\Documents\Project Intelligence Hub\.sync_state\local_manifest.json","1318","1315-1326","\.csv","""projects/Buildings/The BIG - PH01/02-delay_analysis/steel_delay_tia_templates/07- ifc_conflict.csv"":  {"
"6","Generated report or output format",".sync_state\local_manifest.json","C:\Users\pc\OneDrive\Documents\Project Intelligence Hub\.sync_state\local_manifest.json","1323","1320-1331","\.csv","""projects/Buildings/The BIG - PH01/02-delay_analysis/steel_delay_tia_templates/08- payments.csv"":  {"
"6","Generated report or output format",".sync_state\local_manifest.json","C:\Users\pc\OneDrive\Documents\Project Intelligence Hub\.sync_state\local_manifest.json","1328","1325-1336","\.csv","""projects/Buildings/The BIG - PH01/02-delay_analysis/steel_delay_tia_templates/09- rfi_status.csv"":  {"
"6","Generated report or output format",".sync_state\local_manifest.json","C:\Users\pc\OneDrive\Documents\Project Intelligence Hub\.sync_state\local_manifest.json","1333","1330-1341","\.csv","""projects/Buildings/The BIG - PH01/02-delay_analysis/steel_delay_tia_templates/10- contractor_steel_supplied_at_site.csv"":  {"
"6","Generated report or output format",".sync_state\local_manifest.json","C:\Users\pc\OneDrive\Documents\Project Intelligence Hub\.sync_state\local_manifest.json","1338","1335-1346","\.csv","""projects/Buildings/The BIG - PH01/02-delay_analysis/steel_delay_tia_templates/11-concurrency_matrix_template.updated.csv"":  {"
"6","Generated report or output format",".sync_state\local_manifest.json","C:\Users\pc\OneDrive\Documents\Project Intelligence Hub\.sync_state\local_manifest.json","1343","1340-1351","\.csv","""projects/Buildings/The BIG - PH01/02-delay_analysis/steel_delay_tia_templates/12-client_steel_demand_by_dia_wide.csv"":  {"
"6","Generated report or output format",".sync_state\local_manifest.json","C:\Users\pc\OneDrive\Documents\Project Intelligence Hub\.sync_state\local_manifest.json","1348","1345-1356","\.csv","""projects/Buildings/The BIG - PH01/02-delay_analysis/steel_delay_tia_templates/13-client_steel_supply_by_dia_wide.csv"":  {"
"6","Generated report or output format",".sync_state\local_manifest.json","C:\Users\pc\OneDrive\Documents\Project Intelligence Hub\.sync_state\local_manifest.json","1358","1355-1366","\.csv","""projects/Buildings/The BIG - PH01/03-schedule/BL critical path.csv"":  {"
"6","Generated report or output format",".sync_state\local_manifest.json","C:\Users\pc\OneDrive\Documents\Project Intelligence Hub\.sync_state\local_manifest.json","1363","1360-1371","\.csv","""projects/Buildings/The BIG - PH01/03-schedule/BL float bath.csv"":  {"
"6","Generated report or output format",".sync_state\local_manifest.json","C:\Users\pc\OneDrive\Documents\Project Intelligence Hub\.sync_state\local_manifest.json","1368","1365-1376","\.csv","""projects/Buildings/The BIG - PH01/03-schedule/Bl Longest bath.csv"":  {"
"6","Generated report or output format",".sync_state\local_manifest.json","C:\Users\pc\OneDrive\Documents\Project Intelligence Hub\.sync_state\local_manifest.json","1373","1370-1381","\.csv","""projects/Buildings/The BIG - PH01/03-schedule/BL Schedule.csv"":  {"
"6","Generated report or output format",".sync_state\local_manifest.json","C:\Users\pc\OneDrive\Documents\Project Intelligence Hub\.sync_state\local_manifest.json","1378","1375-1386","\.csv","""projects/Buildings/The BIG - PH01/03-schedule/MEP Activities.csv"":  {"
"6","Generated report or output format",".sync_state\local_manifest.json","C:\Users\pc\OneDrive\Documents\Project Intelligence Hub\.sync_state\local_manifest.json","1383","1380-1391","\.csv","""projects/Buildings/The BIG - PH01/03-schedule/MEP Civil Logic.csv"":  {"
"6","Generated report or output format",".sync_state\local_manifest.json","C:\Users\pc\OneDrive\Documents\Project Intelligence Hub\.sync_state\local_manifest.json","1388","1385-1396","\.csv","""projects/Buildings/The BIG - PH01/03-schedule/MEP Schedule.csv"":  {"
"6","Generated report or output format",".sync_state\local_manifest.json","C:\Users\pc\OneDrive\Documents\Project Intelligence Hub\.sync_state\local_manifest.json","1413","1410-1421","\.pdf","""projects/Buildings/The BIG - PH01/05-contracts/source/Overall Contract.pdf"":  {"
"6","Generated report or output format",".sync_state\local_manifest.json","C:\Users\pc\OneDrive\Documents\Project Intelligence Hub\.sync_state\local_manifest.json","1418","1415-1426","\.xlsx; \.xls","""projects/Buildings/The BIG - PH01/05-contracts/source/Overall_Contract_clause_library.xlsx"":  {"
"6","Generated report or output format",".sync_state\local_manifest.json","C:\Users\pc\OneDrive\Documents\Project Intelligence Hub\.sync_state\local_manifest.json","1433","1430-1441","\.csv","""projects/Buildings/The BIG - PH01/06-evidence/clause_reference_template.csv"":  {"
"6","Generated report or output format",".sync_state\local_manifest.json","C:\Users\pc\OneDrive\Documents\Project Intelligence Hub\.sync_state\local_manifest.json","1438","1435-1446","\.csv","""projects/Buildings/The BIG - PH01/06-evidence/contract_evidence_register_template.csv"":  {"
"6","Generated report or output format",".sync_state\local_manifest.json","C:\Users\pc\OneDrive\Documents\Project Intelligence Hub\.sync_state\local_manifest.json","1443","1440-1451","\.csv","""projects/Buildings/The BIG - PH01/06-evidence/correspondence_reference_template.csv"":  {"
"6","Generated report or output format",".sync_state\local_manifest.json","C:\Users\pc\OneDrive\Documents\Project Intelligence Hub\.sync_state\local_manifest.json","1448","1445-1456","\.csv","""projects/Buildings/The BIG - PH01/06-evidence/document_reference_template.csv"":  {"
"6","Generated report or output format",".sync_state\local_manifest.json","C:\Users\pc\OneDrive\Documents\Project Intelligence Hub\.sync_state\local_manifest.json","1453","1450-1461","\.csv","""projects/Buildings/The BIG - PH01/06-evidence/evidence_register_template.csv"":  {"
"6","Generated report or output format",".sync_state\local_manifest.json","C:\Users\pc\OneDrive\Documents\Project Intelligence Hub\.sync_state\local_manifest.json","1458","1455-1466","\.csv","""projects/Buildings/The BIG - PH01/06-evidence/photo_log_template.csv"":  {"
"6","Generated report or output format",".sync_state\local_manifest.json","C:\Users\pc\OneDrive\Documents\Project Intelligence Hub\.sync_state\local_manifest.json","1463","1460-1471","\.xlsx; \.xls","""projects/Buildings/The BIG - PH01/07-letters_intelligence/letters_intelligence.xlsx"":  {"
"6","Generated report or output format",".sync_state\local_manifest.json","C:\Users\pc\OneDrive\Documents\Project Intelligence Hub\.sync_state\local_manifest.json","1468","1465-1476","\.pdf","""projects/Buildings/The BIG - PH01/07-letters_intelligence/inbox/From ACE/032.pdf"":  {"
"6","Generated report or output format",".sync_state\local_manifest.json","C:\Users\pc\OneDrive\Documents\Project Intelligence Hub\.sync_state\local_manifest.json","1473","1470-1481","\.pdf","""projects/Buildings/The BIG - PH01/07-letters_intelligence/inbox/From ACE/033.pdf"":  {"
"6","Generated report or output format",".sync_state\local_manifest.json","C:\Users\pc\OneDrive\Documents\Project Intelligence Hub\.sync_state\local_manifest.json","1478","1475-1486","\.pdf","""projects/Buildings/The BIG - PH01/07-letters_intelligence/inbox/From ACE/034-Submission of proof of payment for engineering stamps due on contractual works..pdf"":  {"
"6","Generated report or output format",".sync_state\local_manifest.json","C:\Users\pc\OneDrive\Documents\Project Intelligence Hub\.sync_state\local_manifest.json","1483","1480-1491","\.pdf","""projects/Buildings/The BIG - PH01/07-letters_intelligence/inbox/From ACE/035-Re Notification of Reinforcement Steel Supply Status and Entitlement to Tim Extensions.pdf"":  {"
"6","Generated report or output format",".sync_state\local_manifest.json","C:\Users\pc\OneDrive\Documents\Project Intelligence Hub\.sync_state\local_manifest.json","1488","1485-1496","\.pdf","""projects/Buildings/The BIG - PH01/07-letters_intelligence/inbox/From ACE/036-Failure to Achieve Section (1) Milestone within the contractual Due Date.pdf"":  {"
"6","Generated report or output format",".sync_state\local_manifest.json","C:\Users\pc\OneDrive\Documents\Project Intelligence Hub\.sync_state\local_manifest.json","1493","1490-1501","\.pdf; report","""projects/Buildings/The BIG - PH01/07-letters_intelligence/inbox/From ACE/037-Notice of Slow Progress Rate and Comments on Monthly Progress Report - April 2026.pdf"":  {"
"6","Generated report or output format",".sync_state\local_manifest.json","C:\Users\pc\OneDrive\Documents\Project Intelligence Hub\.sync_state\local_manifest.json","1508","1505-1516","\.pdf","""projects/Buildings/The BIG - PH01/07-letters_intelligence/inbox/From SAMCO/BD-CW-SAMCO-ACE-LET-STR-072.pdf"":  {"
"6","Generated report or output format",".sync_state\local_manifest.json","C:\Users\pc\OneDrive\Documents\Project Intelligence Hub\.sync_state\local_manifest.json","1513","1510-1521","\.pdf","""projects/Buildings/The BIG - PH01/07-letters_intelligence/inbox/From SAMCO/BD-CW-SAMCO-ACE-LET-STR-073.pdf"":  {"
"6","Generated report or output format",".sync_state\local_manifest.json","C:\Users\pc\OneDrive\Documents\Project Intelligence Hub\.sync_state\local_manifest.json","1518","1515-1526","\.pdf","""projects/Buildings/The BIG - PH01/07-letters_intelligence/inbox/From SAMCO/BD-CW-SAMCO-ACE-LET-STR-074.pdf"":  {"
"6","Generated report or output format",".sync_state\local_manifest.json","C:\Users\pc\OneDrive\Documents\Project Intelligence Hub\.sync_state\local_manifest.json","1523","1520-1531","\.pdf","""projects/Buildings/The BIG - PH01/07-letters_intelligence/inbox/From SAMCO/BD-CW-SAMCO-ACE-LET-STR-075.pdf"":  {"
"6","Generated report or output format",".sync_state\local_manifest.json","C:\Users\pc\OneDrive\Documents\Project Intelligence Hub\.sync_state\local_manifest.json","1528","1525-1536","\.pdf","""projects/Buildings/The BIG - PH01/07-letters_intelligence/inbox/From SAMCO/BD-CW-SAMCO-ACE-LET-STR-076.pdf"":  {"
"6","Generated report or output format",".sync_state\local_manifest.json","C:\Users\pc\OneDrive\Documents\Project Intelligence Hub\.sync_state\local_manifest.json","1533","1530-1541","\.pdf","""projects/Buildings/The BIG - PH01/07-letters_intelligence/inbox/From SAMCO/BD-CW-SAMCO-ACE-LET-STR-077.pdf"":  {"
"6","Generated report or output format",".sync_state\local_manifest.json","C:\Users\pc\OneDrive\Documents\Project Intelligence Hub\.sync_state\local_manifest.json","1538","1535-1546","\.pdf","""projects/Buildings/The BIG - PH01/07-letters_intelligence/inbox/From SAMCO/BD-CW-SAMCO-ACE-LET-STR-078.pdf"":  {"
"6","Generated report or output format",".sync_state\local_manifest.json","C:\Users\pc\OneDrive\Documents\Project Intelligence Hub\.sync_state\local_manifest.json","1543","1540-1551","\.pdf","""projects/Buildings/The BIG - PH01/07-letters_intelligence/inbox/From SAMCO/BD-CW-SAMCO-ACE-LET-STR-079.pdf"":  {"
"6","Generated report or output format",".sync_state\local_manifest.json","C:\Users\pc\OneDrive\Documents\Project Intelligence Hub\.sync_state\local_manifest.json","1548","1545-1556","\.pdf","""projects/Buildings/The BIG - PH01/07-letters_intelligence/inbox/From SAMCO/BD-CW-SAMCO-ACE-LET-STR-080.pdf"":  {"
"6","Generated report or output format",".sync_state\local_manifest.json","C:\Users\pc\OneDrive\Documents\Project Intelligence Hub\.sync_state\local_manifest.json","1553","1550-1561","\.pdf","""projects/Buildings/The BIG - PH01/07-letters_intelligence/inbox/From SAMCO/BD-CW-SAMCO-ACE-LET-STR-081.pdf"":  {"
"6","Generated report or output format",".sync_state\local_manifest.json","C:\Users\pc\OneDrive\Documents\Project Intelligence Hub\.sync_state\local_manifest.json","1558","1555-1566","\.pdf","""projects/Buildings/The BIG - PH01/07-letters_intelligence/inbox/From SAMCO/BD-CW-SAMCO-ACE-LET-STR-082.pdf"":  {"
"6","Generated report or output format",".sync_state\local_manifest.json","C:\Users\pc\OneDrive\Documents\Project Intelligence Hub\.sync_state\local_manifest.json","1568","1565-1576","\.csv","""projects/Buildings/The BIG - PH01/08-branding/color_palette_template.csv"":  {"
"6","Generated report or output format",".sync_state\local_manifest.json","C:\Users\pc\OneDrive\Documents\Project Intelligence Hub\.sync_state\local_manifest.json","1778","1775-1786","\.csv","""projects/Tunnels/Suez-Tunnel/02-delay_analysis/steel_delay_tia_templates/04-p6_activity_export.csv"":  {"
"6","Generated report or output format",".sync_state\local_manifest.json","C:\Users\pc\OneDrive\Documents\Project Intelligence Hub\.sync_state\local_manifest.json","2163","2160-2171","\.csv","""projects/_PROJECT_TEMPLATE/02-delay_analysis/steel_delay_tia_templates/04- p6_activity_export.csv"":  {"
"6","Output Studio",".sync_state\local_manifest.json","C:\Users\pc\OneDrive\Documents\Project Intelligence Hub\.sync_state\local_manifest.json","2433","2430-2441","output_studio; output","""scripts/evaluate_output_studio.py"":  {"
"6","Output Studio","dashboard.py","C:\Users\pc\OneDrive\Documents\Project Intelligence Hub\dashboard.py","2550","2547-2558","Output Studio; output studio; output","""Output Studio"","
"6","Report generation or export","dashboard.py","C:\Users\pc\OneDrive\Documents\Project Intelligence Hub\dashboard.py","2752","2749-2760","report","def exportEVMToPowerPoint(project_title: str, report_date: str, evmData: dict, rootCauseDf: pd.DataFrame, mitigationDf: pd.DataFrame, evmComments: dict) -> bytes:"
"6","Report generation or export","dashboard.py","C:\Users\pc\OneDrive\Documents\Project Intelligence Hub\dashboard.py","3561","3558-3569","Presentation\(","def build_original_template_presentation(overview_metrics: dict, evm_metrics: dict, contract_metrics: dict, delay_metrics: dict, risk_metrics: dict, milestone_metrics: dict, activity_metrics: dict, s_curve_metrics: dict) -> tuple[bytes, list[str]]:"
"6","Report generation or export","dashboard.py","C:\Users\pc\OneDrive\Documents\Project Intelligence Hub\dashboard.py","4525","4522-4533","report","def _build_detailed_progress_report_frames(overview_metrics: dict, evm_metrics: dict, contract_metrics: dict, delay_metrics: dict, risk_metrics: dict, milestone_metrics: dict, activity_metrics: dict, s_curve_metrics: dict) -> dict[str, pd.DataFrame]:"
"6","Report generation or export","dashboard.py","C:\Users\pc\OneDrive\Documents\Project Intelligence Hub\dashboard.py","4877","4874-4885","report","def build_detailed_progress_report_package(overview_metrics: dict, evm_metrics: dict, contract_metrics: dict, delay_metrics: dict, risk_metrics: dict, milestone_metrics: dict, activity_metrics: dict, s_curve_metrics: dict) -> tuple[bytes, str, list[str]]:"
"6","Report generation or export","dashboard.py","C:\Users\pc\OneDrive\Documents\Project Intelligence Hub\dashboard.py","4991","4988-4999","report","def build_detailed_progress_report_html(overview_metrics: dict, evm_metrics: dict, contract_metrics: dict, delay_metrics: dict, risk_metrics: dict, milestone_metrics: dict, activity_metrics: dict, s_curve_metrics: dict) -> str:"
"6","Report generation or export","dashboard.py","C:\Users\pc\OneDrive\Documents\Project Intelligence Hub\dashboard.py","5051","5048-5059","report","def build_detailed_progress_report_docx_bytes(overview_metrics: dict, evm_metrics: dict, contract_metrics: dict, delay_metrics: dict, risk_metrics: dict, milestone_metrics: dict, activity_metrics: dict, s_curve_metrics: dict) -> bytes:"
"6","Generated report or output format","dashboard.py","C:\Users\pc\OneDrive\Documents\Project Intelligence Hub\dashboard.py","5441","5438-5449","\.csv","""04- p6_activity_export.csv"": ""Current schedule, baseline dates, float, criticality, longest path, and progress context."","
"6","Generated report or output format","dashboard.py","C:\Users\pc\OneDrive\Documents\Project Intelligence Hub\dashboard.py","5452","5449-5460","\.csv","""03- p6_activity_export.csv"": ""Legacy P6 activity export file."","
"6","Generated report or output format","dashboard.py","C:\Users\pc\OneDrive\Documents\Project Intelligence Hub\dashboard.py","5470","5467-5478","\.csv","""p6"": [""04- p6_activity_export.csv"", ""03- p6_activity_export.csv""],"
"6","Generated report or output format","dashboard.py","C:\Users\pc\OneDrive\Documents\Project Intelligence Hub\dashboard.py","5978","5975-5986","\.csv","activity_df = delay_tia_frames_get_first(frames, [""steel_delay_tia_templates/02- master_activity_steel_analysis.csv"", ""steel_delay_tia_templates/04- p6_activity_export.csv""])"
"6","Generated report or output format","dashboard.py","C:\Users\pc\OneDrive\Documents\Project Intelligence Hub\dashboard.py","5980","5977-5988","\.csv","p6_df = delay_tia_frames_get_first(frames, [""steel_delay_tia_templates/04- p6_activity_export.csv"", ""steel_delay_tia_templates/03- p6_activity_export.csv""])"
"6","Generated report or output format","dashboard.py","C:\Users\pc\OneDrive\Documents\Project Intelligence Hub\dashboard.py","6129","6126-6137","\.csv","for key in [""steel_delay_tia_templates/04- p6_activity_export.csv"", ""steel_delay_tia_templates/11-concurrency_matrix_template.updated.csv""]:"
"6","Generated report or output format","dashboard.py","C:\Users\pc\OneDrive\Documents\Project Intelligence Hub\dashboard.py","6901","6898-6909","\.csv","""04- p6_activity_export.csv"","
"6","Generated report or output format","dashboard.py","C:\Users\pc\OneDrive\Documents\Project Intelligence Hub\dashboard.py","7348","7345-7356","\.csv","{""Control Item"": ""Schedule file name"", ""Recorded Value"": ""04- p6_activity_export.csv"", ""Why It Must Be Shown"": ""Primary activity export used for Delay TIA context.""},"
"6","Generated report or output format","dashboard.py","C:\Users\pc\OneDrive\Documents\Project Intelligence Hub\dashboard.py","7812","7809-7820","\.csv","""schedule_file_name"": overrides.get(""schedule_file_name"", control_lookup.get(""schedule file name"", ""04- p6_activity_export.csv"")),"
"6","Report generation or export","dashboard.py","C:\Users\pc\OneDrive\Documents\Project Intelligence Hub\dashboard.py","7841","7838-7849","report","def build_delay_tia_delay_report_df(context: dict, analysis: dict) -> pd.DataFrame:"
"6","Report generation or export","dashboard.py","C:\Users\pc\OneDrive\Documents\Project Intelligence Hub\dashboard.py","7919","7916-7927","report","def build_delay_tia_detailed_report_html(context: dict, analysis: dict) -> str:"
"6","Report generation or export","dashboard.py","C:\Users\pc\OneDrive\Documents\Project Intelligence Hub\dashboard.py","7983","7980-7991","report","def build_delay_tia_excel_report_bytes(context: dict, analysis: dict) -> bytes:"
"6","Generated report or output format","dashboard.py","C:\Users\pc\OneDrive\Documents\Project Intelligence Hub\dashboard.py","8855","8852-8863","\.csv","""label"": ""04- p6_activity_export.csv"","
"6","Generated report or output format","dashboard.py","C:\Users\pc\OneDrive\Documents\Project Intelligence Hub\dashboard.py","9326","9323-9334","\.xlsx; \.xls","""Download MEP Schedule Pack (.xlsx)"","
"6","Generated report or output format","dashboard.py","C:\Users\pc\OneDrive\Documents\Project Intelligence Hub\dashboard.py","9493","9490-9501","\.csv","{""Priority"": 4, ""File / Source"": ""04- p6_activity_export.csv"", ""Why it matters"": ""Schedule dates, float, criticality, longest path, progress, and impacted activity context.""},"
"6","Generated report or output format","dashboard.py","C:\Users\pc\OneDrive\Documents\Project Intelligence Hub\dashboard.py","9651","9648-9659","\.xlsx; \.xls; report","""Download Delay Report (.xlsx)"","
"6","Generated report or output format","dashboard.py","C:\Users\pc\OneDrive\Documents\Project Intelligence Hub\dashboard.py","9658","9655-9666","\.html; \.htm; report","""Download Detailed TIA Report (.html)"","
"6","Generated report or output format","dashboard.py","C:\Users\pc\OneDrive\Documents\Project Intelligence Hub\dashboard.py","9665","9662-9673","\.csv","""Download Primavera Fragnet Sheet (.csv)"","
"6","Generated report or output format","dashboard.py","C:\Users\pc\OneDrive\Documents\Project Intelligence Hub\dashboard.py","9673","9670-9681","\.csv; report","""Download Delay Report Summary (.csv)"","
"6","Generated report or output format","dashboard.py","C:\Users\pc\OneDrive\Documents\Project Intelligence Hub\dashboard.py","9680","9677-9688","\.docx; report","""Download Time Impact Analysis Report | Director Pack (.docx)"","
"6","Generated report or output format","dashboard.py","C:\Users\pc\OneDrive\Documents\Project Intelligence Hub\dashboard.py","9682","9679-9690","\.docx; report","file_name=generated_docx_path.name if generated_docx_path else ""TIA_Director_Level_Word_Report_Final.docx"","
"6","Output Studio","dashboard.py","C:\Users\pc\OneDrive\Documents\Project Intelligence Hub\dashboard.py","9907","9904-9915","Output Studio; output studio; output","st.markdown(""<div class='section-header'><h3>Output Studio</h3></div>"", unsafe_allow_html=True)"
"6","Generated report or output format","dashboard.py","C:\Users\pc\OneDrive\Documents\Project Intelligence Hub\dashboard.py","10008","10005-10016","\.html; \.htm","""Download Executive Dashboard (.html)"","
"6","Generated report or output format","dashboard.py","C:\Users\pc\OneDrive\Documents\Project Intelligence Hub\dashboard.py","10027","10024-10035","pptx; \.pptx","""Download Updated Original Presentation (.pptx)"","
"6","Generated report or output format","dashboard.py","C:\Users\pc\OneDrive\Documents\Project Intelligence Hub\dashboard.py","10035","10032-10043","pptx; \.pptx","""Download Updated Original Presentation for Print (.pptx)"","
"6","Generated report or output format","dashboard.py","C:\Users\pc\OneDrive\Documents\Project Intelligence Hub\dashboard.py","10183","10180-10191","\.html; \.htm","""Download Linked Executive Dashboard (.html)"","
"6","Generated report or output format","dashboard.py","C:\Users\pc\OneDrive\Documents\Project Intelligence Hub\dashboard.py","10190","10187-10198","pptx; \.pptx","""Download Linked Executive Dashboard PowerPoint (.pptx) - Landscape"","
"6","Generated report or output format","dashboard.py","C:\Users\pc\OneDrive\Documents\Project Intelligence Hub\dashboard.py","10198","10195-10206","\.html; \.htm","""Download Summarized Linked Dashboard (.html) - A3 Landscape One Page"","
"6","Generated report or output format","dashboard.py","C:\Users\pc\OneDrive\Documents\Project Intelligence Hub\dashboard.py","10205","10202-10213","pptx; \.pptx","""Download Summarized Linked Dashboard (.pptx) - A3 Landscape One Page"","
"6","Generated report or output format","dashboard.py","C:\Users\pc\OneDrive\Documents\Project Intelligence Hub\dashboard.py","10330","10327-10338","\.xlsx; \.xls; report","""Download Detailed Progress Report (.xlsx)"","
"6","Generated report or output format","dashboard.py","C:\Users\pc\OneDrive\Documents\Project Intelligence Hub\dashboard.py","10337","10334-10345","\.html; \.htm; report","""Download Detailed Progress Report (.html)"","
"6","Generated report or output format","dashboard.py","C:\Users\pc\OneDrive\Documents\Project Intelligence Hub\dashboard.py","10344","10341-10352","\.docx; report","""Download Detailed Progress Report (.docx)"","
"6","Generated report or output format","dashboard.py","C:\Users\pc\OneDrive\Documents\Project Intelligence Hub\dashboard.py","10351","10348-10359","\.html; \.htm","""Download Power BI Style Dashboard (.html)"","
"6","Output Studio","data_lineage.json","C:\Users\pc\OneDrive\Documents\Project Intelligence Hub\data_lineage.json","535","532-543","Output Studio; output studio; output","""ui_page"": ""Output Studio"","
"6","Output Studio","data_lineage.json","C:\Users\pc\OneDrive\Documents\Project Intelligence Hub\data_lineage.json","554","551-562","Output Studio; output studio; output","""ui_page"": ""Output Studio"","
"6","Output Studio","data_lineage.json","C:\Users\pc\OneDrive\Documents\Project Intelligence Hub\data_lineage.json","573","570-581","Output Studio; output studio; output","""ui_page"": ""Output Studio"","
"6","Output Studio","dr.ps1","C:\Users\pc\OneDrive\Documents\Project Intelligence Hub\dr.ps1","33","30-41","Output Studio; output studio; output","""Output Studio"","
"6","Output Studio","dr.ps1","C:\Users\pc\OneDrive\Documents\Project Intelligence Hub\dr.ps1","34","31-42","output_studio; output","""output_studio"","
"6","Output Studio","dr.ps1","C:\Users\pc\OneDrive\Documents\Project Intelligence Hub\dr.ps1","35","32-43","Output Studio; output studio; output","""output studio"","
"6","Output Studio","dr.ps1","C:\Users\pc\OneDrive\Documents\Project Intelligence Hub\dr.ps1","165","162-173","Output Studio; output_studio; output studio; output","if ($Line -match ""(Output Studio|output_studio|output studio)"") {"
"6","Output Studio","dr.ps1","C:\Users\pc\OneDrive\Documents\Project Intelligence Hub\dr.ps1","166","163-174","Output Studio; output studio; output","$Category = ""Output Studio"""
"6","Report generation or export","reports\tia_director_pack_generator.py","C:\Users\pc\OneDrive\Documents\Project Intelligence Hub\reports\tia_director_pack_generator.py","65","62-73","output","def ensure_generated_outputs_table(db_path: Path) -> None:"
"6","Report generation or export","reports\tia_director_pack_generator.py","C:\Users\pc\OneDrive\Documents\Project Intelligence Hub\reports\tia_director_pack_generator.py","89","86-97","report_type; report","def fetch_last_generated_report(db_path: Path, report_type: str = REPORT_TYPE_TIA_DIRECTOR_PACK) -> dict[str, Any] | None:"
"6","Report generation or export","reports\tia_director_pack_generator.py","C:\Users\pc\OneDrive\Documents\Project Intelligence Hub\reports\tia_director_pack_generator.py","109","106-117","output","def _log_generated_output(db_path: Path, payload: dict[str, Any]) -> None:"
"6","Report generation or export","reports\tia_director_pack_generator.py","C:\Users\pc\OneDrive\Documents\Project Intelligence Hub\reports\tia_director_pack_generator.py","389","386-397","output","def save_output(self, context: dict) -> Path:"
"6","Report generation or export","reports\tia_director_pack_generator.py","C:\Users\pc\OneDrive\Documents\Project Intelligence Hub\reports\tia_director_pack_generator.py","415","412-417","output; report","def generate_tia_director_pack_report(context: dict, output_dir: Path) -> Path:"
"6","Generated report or output format","scripts\build_delay_tia_question_preview.py","C:\Users\pc\OneDrive\Documents\Project Intelligence Hub\scripts\build_delay_tia_question_preview.py","68","65-76","\.csv","p6_df = frames.get(""steel_delay_tia_templates/04- p6_activity_export.csv"", pd.DataFrame())"
"6","Generated report or output format","scripts\evaluate_delay_tia.py","C:\Users\pc\OneDrive\Documents\Project Intelligence Hub\scripts\evaluate_delay_tia.py","118","115-126","\.csv","p6_df = load_csv(""04- p6_activity_export.csv"")"
"6","Generated report or output format","scripts\evaluate_output_studio.py","C:\Users\pc\OneDrive\Documents\Project Intelligence Hub\scripts\evaluate_output_studio.py","49","46-57","\.html; \.htm","""Download Executive Dashboard (.html)"","
"6","Generated report or output format","scripts\evaluate_output_studio.py","C:\Users\pc\OneDrive\Documents\Project Intelligence Hub\scripts\evaluate_output_studio.py","50","47-58","pptx; \.pptx","""Download Updated Original Presentation (.pptx)"","
"6","Generated report or output format","scripts\evaluate_output_studio.py","C:\Users\pc\OneDrive\Documents\Project Intelligence Hub\scripts\evaluate_output_studio.py","51","48-59","\.html; \.htm","""Download Linked Executive Dashboard (.html)"","
"6","Generated report or output format","scripts\evaluate_output_studio.py","C:\Users\pc\OneDrive\Documents\Project Intelligence Hub\scripts\evaluate_output_studio.py","52","49-60","pptx; \.pptx","""Download Linked Executive Dashboard PowerPoint (.pptx) - Landscape"","
"6","Generated report or output format","scripts\evaluate_output_studio.py","C:\Users\pc\OneDrive\Documents\Project Intelligence Hub\scripts\evaluate_output_studio.py","53","50-61","\.html; \.htm","""Download Summarized Linked Dashboard (.html) - A3 Landscape One Page"","
"6","Generated report or output format","scripts\evaluate_output_studio.py","C:\Users\pc\OneDrive\Documents\Project Intelligence Hub\scripts\evaluate_output_studio.py","54","51-62","\.xlsx; \.xls; report","""Download Detailed Progress Report (.xlsx)"","
"6","Generated report or output format","scripts\evaluate_output_studio.py","C:\Users\pc\OneDrive\Documents\Project Intelligence Hub\scripts\evaluate_output_studio.py","55","52-63","\.html; \.htm; report","""Download Detailed Progress Report (.html)"","
"6","Generated report or output format","scripts\evaluate_output_studio.py","C:\Users\pc\OneDrive\Documents\Project Intelligence Hub\scripts\evaluate_output_studio.py","56","53-64","\.docx; report","""Download Detailed Progress Report (.docx)"","
"6","Generated report or output format","scripts\evaluate_output_studio.py","C:\Users\pc\OneDrive\Documents\Project Intelligence Hub\scripts\evaluate_output_studio.py","57","54-65","\.html; \.htm","""Download Power BI Style Dashboard (.html)"","
"6","Report generation or export","scripts\evaluate_output_studio.py","C:\Users\pc\OneDrive\Documents\Project Intelligence Hub\scripts\evaluate_output_studio.py","156","153-164","output","def inspect_generated_outputs() -> pd.DataFrame:"
"6","Output Studio","scripts\evaluate_output_studio.py","C:\Users\pc\OneDrive\Documents\Project Intelligence Hub\scripts\evaluate_output_studio.py","198","195-206","Output Studio; output studio; output","<title>Output Studio Eval Scorecard</title>"
"6","Output Studio","scripts\evaluate_output_studio.py","C:\Users\pc\OneDrive\Documents\Project Intelligence Hub\scripts\evaluate_output_studio.py","224","221-232","Output Studio; output studio; output","<h1>Output Studio Eval Scorecard</h1>"
"6","Output Studio","scripts\evaluate_output_studio.py","C:\Users\pc\OneDrive\Documents\Project Intelligence Hub\scripts\evaluate_output_studio.py","230","227-238","Output Studio; output studio; output","<section class=""panel""><h2>Output Studio Source Excerpt</h2><pre>{source_excerpt[:9000]}</pre></section>"
"6","Output Studio","scripts\evaluate_output_studio.py","C:\Users\pc\OneDrive\Documents\Project Intelligence Hub\scripts\evaluate_output_studio.py","239","236-247","output_studio; output","studio_source = extract_output_studio_source(source)"
"6","Output Studio","scripts\evaluate_output_studio.py","C:\Users\pc\OneDrive\Documents\Project Intelligence Hub\scripts\evaluate_output_studio.py","256","253-264","Output Studio; output studio; output","(""Output Studio has no password gate"", ""output_password"" not in studio_source and ""AhmedLabib"" not in studio_source, 6),"
"6","Output Studio","scripts\evaluate_output_studio.py","C:\Users\pc\OneDrive\Documents\Project Intelligence Hub\scripts\evaluate_output_studio.py","284","281-292","Output Studio; output studio; output","(""Output Studio uses active project identity"", ""selected_project_id()"" in studio_source and ""output_project_slug"" in studio_source, 10),"
"6","Generated report or output format","scripts\evaluate_output_studio.py","C:\Users\pc\OneDrive\Documents\Project Intelligence Hub\scripts\evaluate_output_studio.py","324","321-332","to_csv; \.csv; output","generated_inventory.to_csv(OUTPUT_DIR / f""generated_inventory_{label}.csv"", index=False, encoding=""utf-8-sig"")"
"6","Report generation or export","src\construction_system\reporting.py","C:\Users\pc\OneDrive\Documents\Project Intelligence Hub\src\construction_system\reporting.py","33","30-41","output; report","def generate_html_report(db_path=DEFAULT_DB_PATH, output_path: str | Path | None = None) -> Path:"
"6","Report generation or export","src\construction_system\steel_delay_tia.py","C:\Users\pc\OneDrive\Documents\Project Intelligence Hub\src\construction_system\steel_delay_tia.py","1334","1331-1342","report","def build_validation_report(mapped_df: pd.DataFrame, missing_fields: list[str], duplicate_ids: list[str], dataset_name: str) -> pd.DataFrame:"
"6","Report generation or export","tools\generate_data_lineage.py","C:\Users\pc\OneDrive\Documents\Project Intelligence Hub\tools\generate_data_lineage.py","10","7-18","output","def item(page, section, displayed, source_file, columns, transform, function, scope=""project"", missing=""Show zero, empty table, or selected-project setup state"", validation=""project_id must equal active project_id"", source_folder=""01-data/import_templates"", output=""Streamlit and selected-project exports""):"
"6","Generated report or output format","tools\generate_data_lineage.py","C:\Users\pc\OneDrive\Documents\Project Intelligence Hub\tools\generate_data_lineage.py","34","31-42","\.csv; output","item(""Decision Making dashboard"", ""Overall Portfolio"", ""Portfolio KPI cards, sector donut, budget bar, bubble scatter, gauges, timeline, risk heatmap, SPI/CPI quadrant, radar, EV comparison, registry table"", ""projects.csv, activities.csv, evm.csv, risks.csv, milestones.csv + project_manifest.json"", ""project_id, sector_name, project_name, contract_value, progress, BAC, PV, EV, AC, SPI, CPI, risk and milestone rows"", ""Build one project registry row per discovered project; derive portfolio charts from registry without cross-project fallback"", ""dashboard.build_decision_dashboard_registry / render_decision_making_dashboard"", scope=""portfolio"", source_folder=""{sector}/{project}/01-data/import_templates"", output=""Streamlit Decision Making dashboard""),"
"6","Generated report or output format","tools\generate_data_lineage.py","C:\Users\pc\OneDrive\Documents\Project Intelligence Hub\tools\generate_data_lineage.py","35","32-43","\.csv; output","item(""Decision Making dashboard"", ""Phase transition"", ""Phase 1 portfolio command view and Phase 2 project workspace opener"", ""project_manifest.json + projects.csv"", ""project_id, sector_name, project_name, status, progress, SPI, CPI, risks"", ""Portfolio mode is standalone; select a project_id from preview cards/dropdown, then rerun selected project workspace"", ""dashboard.render_decision_making_dashboard"", scope=""portfolio"", source_folder=""{sector}/{project}"", output=""Streamlit Decision Making dashboard""),"
"6","Generated report or output format","tools\generate_data_lineage.py","C:\Users\pc\OneDrive\Documents\Project Intelligence Hub\tools\generate_data_lineage.py","36","33-44","\.csv; output","item(""Decision Making dashboard"", ""Sector Analysis"", ""Sector filter, sector health, budget vs spent, progress gauges, benchmark scatter, resource proxy, milestones, EV metrics"", ""projects.csv, evm.csv, risks.csv, milestones.csv"", ""Sector, Contract Value, AC, Progress, SPI, CPI, Risks, Milestones"", ""Filter portfolio registry rows by sector folder name"", ""dashboard.render_decision_making_dashboard"", scope=""portfolio"", source_folder=""{sector}/{project}/01-data/import_templates"", output=""Streamlit Decision Making dashboard""),"
"6","Generated report or output format","tools\generate_data_lineage.py","C:\Users\pc\OneDrive\Documents\Project Intelligence Hub\tools\generate_data_lineage.py","37","34-45","\.csv; output","item(""Decision Making dashboard"", ""Projects Analysis"", ""Multi-project filter, summary cards, budget comparison, progress/quality/safety trends, SPI/CPI scatter, risk stacked bars, EV comparison matrix"", ""projects.csv, evm.csv, risks.csv, milestones.csv"", ""Project, Contract Value, Progress, Quality, Safety, SPI, CPI, Risks, BAC, PV, EV, AC"", ""User-selected project comparison from registry rows"", ""dashboard.render_decision_making_dashboard"", scope=""portfolio"", source_folder=""{sector}/{project}/01-data/import_templates"", output=""Streamlit Decision Making dashboard""),"
"6","Generated report or output format","tools\generate_data_lineage.py","C:\Users\pc\OneDrive\Documents\Project Intelligence Hub\tools\generate_data_lineage.py","38","35-46","\.csv","item(""Global"", ""Header"", ""Project, contractor, employer, currency, status"", ""projects.csv + project_manifest.json"", ""project_name, contractor, client_name, currency, status"", ""Manifest identity merged with selected project metadata row"", ""dashboard active_project_record / build_overview_metrics""),"
"6","Generated report or output format","tools\generate_data_lineage.py","C:\Users\pc\OneDrive\Documents\Project Intelligence Hub\tools\generate_data_lineage.py","39","36-47","\.csv","item(""Overview"", ""Date cards"", ""Start, finish, duration, elapsed, remaining"", ""projects.csv"", ""planned_start, planned_finish"", ""Parse dates; duration=finish-start; elapsed bounded to 0-100%"", ""dashboard.build_overview_metrics""),"
"6","Generated report or output format","tools\generate_data_lineage.py","C:\Users\pc\OneDrive\Documents\Project Intelligence Hub\tools\generate_data_lineage.py","40","37-48","\.csv","item(""Overview"", ""Progress cards"", ""Overall and planned progress"", ""projects.csv"", ""actual_progress_percent, planned_progress_percent"", ""Numeric normalization; portfolio is contract-value weighted"", ""dashboard.build_overview_metrics""),"
"6","Generated report or output format","tools\generate_data_lineage.py","C:\Users\pc\OneDrive\Documents\Project Intelligence Hub\tools\generate_data_lineage.py","41","38-49","\.csv","item(""Overview"", ""Commercial card"", ""Contract value"", ""projects.csv"", ""contract_value, currency"", ""Numeric normalization and currency formatting"", ""dashboard.build_overview_metrics""),"
"6","Generated report or output format","tools\generate_data_lineage.py","C:\Users\pc\OneDrive\Documents\Project Intelligence Hub\tools\generate_data_lineage.py","42","39-50","\.csv","item(""Overview"", ""Activity cards"", ""Total and critical activities"", ""activities.csv"", ""activity_id, is_critical"", ""Count rows and is_critical=Yes"", ""dashboard.build_overview_metrics""),"
"6","Generated report or output format","tools\generate_data_lineage.py","C:\Users\pc\OneDrive\Documents\Project Intelligence Hub\tools\generate_data_lineage.py","44","41-52","\.csv","item(""WBS"", ""WBS analysis"", ""WBS table and construction charts"", ""wbs.csv"", ""WBS Code, WBS Name, schedule_%_complete, performance_%_complete, budget_cost, actual_cost"", ""Select available construction branches; no fixed WBS codes"", ""dashboard.build_wbs_metrics""),"
"6","Generated report or output format","tools\generate_data_lineage.py","C:\Users\pc\OneDrive\Documents\Project Intelligence Hub\tools\generate_data_lineage.py","45","42-53","\.csv","item(""Activities"", ""Activity KPIs and tables"", ""Total, critical, deviated, RFT, variance tables"", ""activities.csv"", ""activity_id, activity_name, planned_progress, actual_progress, baseline_finish, forecast_finish, is_critical, wbs_id"", ""Progress variance and finish slip derived per activity"", ""dashboard.build_activity_metrics""),"
"6","Generated report or output format","tools\generate_data_lineage.py","C:\Users\pc\OneDrive\Documents\Project Intelligence Hub\tools\generate_data_lineage.py","46","43-54","\.csv","item(""Milestones"", ""Milestone status"", ""Milestone counts, dates, status tables"", ""milestones.csv"", ""milestone_id, milestone_name, baseline_date, forecast_date, actual_date, status"", ""Date normalization and forecast variance"", ""dashboard.build_milestone_metrics""),"
"6","Generated report or output format","tools\generate_data_lineage.py","C:\Users\pc\OneDrive\Documents\Project Intelligence Hub\tools\generate_data_lineage.py","47","44-55","\.csv","item(""Milestones"", ""Change orders"", ""Change-order exposure"", ""change_orders.csv"", ""change_order_id, status, submitted_amount, approved_amount, time_impact_days"", ""Count and sum selected-project rows"", ""dashboard.build_milestone_metrics""),"
"6","Generated report or output format","tools\generate_data_lineage.py","C:\Users\pc\OneDrive\Documents\Project Intelligence Hub\tools\generate_data_lineage.py","48","45-56","\.csv","item(""S-Curve"", ""Progress curve"", ""Planned and actual curves"", ""s_curve.csv"", ""period, planned_progress, actual_progress"", ""Sort by period and normalize percentages"", ""dashboard.build_s_curve_metrics""),"
"6","Generated report or output format","tools\generate_data_lineage.py","C:\Users\pc\OneDrive\Documents\Project Intelligence Hub\tools\generate_data_lineage.py","49","46-57","\.csv","item(""EVM Analysis"", ""EVM cards and charts"", ""BAC, AC, EV, PV, SV, CV, EAC, TCPI, SPI"", ""evm.csv"", ""BAC, AC, EV, PV, SV, CV"", ""Sum selected rows; derive EAC, TCPI, SPI"", ""dashboard.build_evm_metrics / build_earned_value_analysis_data""),"
"6","Generated report or output format","tools\generate_data_lineage.py","C:\Users\pc\OneDrive\Documents\Project Intelligence Hub\tools\generate_data_lineage.py","50","47-58","\.csv","item(""Contracts"", ""Contract KPIs"", ""Contract count, certified, paid, outstanding"", ""contracts.csv + payments.csv"", ""contract_id, contract_value, certified_amount, paid_amount, payment_status"", ""Selected-project sums; missing numeric series becomes zero"", ""dashboard.build_contract_metrics""),"
"6","Generated report or output format","tools\generate_data_lineage.py","C:\Users\pc\OneDrive\Documents\Project Intelligence Hub\tools\generate_data_lineage.py","52","49-60","\.csv","item(""Risks"", ""Risk register"", ""Open, high, IFC, RFI risk metrics and tables"", ""risks.csv + ifc_conflict.csv + rfi_ status.csv"", ""risk_id, probability, impact, status, Delay Days, RFI No."", ""Normalize risk rating and count selected rows"", ""dashboard.build_risk_metrics""),"
"6","Generated report or output format","tools\generate_data_lineage.py","C:\Users\pc\OneDrive\Documents\Project Intelligence Hub\tools\generate_data_lineage.py","59","56-67","\.csv","item(""Contract & Claims Intelligence Center"", ""Contract clauses"", ""Clause search, entitlement and event matching"", ""06- contract_library.csv"", ""Clause / Topic, leverage, notice, money impact, schedule impact, evidence"", ""Load active project clause library only"", ""contract_matcher.set_clause_library_path / render_contract_clause_matching_engine"", source_folder=""02-delay_analysis/steel_delay_tia_templates""),"
"6","Output Studio","tools\validate_project_isolation.py","C:\Users\pc\OneDrive\Documents\Project Intelligence Hub\tools\validate_project_isolation.py","128","125-136","Output Studio; output studio; output","results.check(""7. Output Studio paths are isolated"", first_context.outputs_path != second_context.outputs_path)"
"4","Report generation or export",".sync_state\local_manifest.json","C:\Users\pc\OneDrive\Documents\Project Intelligence Hub\.sync_state\local_manifest.json","158","155-166","output","""11-outputs/Project_Intelligence_Hub_Power_BI_Build_Kit.zip"":  {"
"4","Report generation or export",".sync_state\local_manifest.json","C:\Users\pc\OneDrive\Documents\Project Intelligence Hub\.sync_state\local_manifest.json","218","215-226","output","""11-outputs/power_bi_package/docs/Power_BI_Build_Guide.md"":  {"
"4","Report generation or export",".sync_state\local_manifest.json","C:\Users\pc\OneDrive\Documents\Project Intelligence Hub\.sync_state\local_manifest.json","1113","1110-1121","report","""projects/Buildings/Sophia-Mall/08-branding/report_branding_template.json"":  {"
"4","Report generation or export",".sync_state\local_manifest.json","C:\Users\pc\OneDrive\Documents\Project Intelligence Hub\.sync_state\local_manifest.json","1143","1140-1151","output","""projects/Buildings/Sophia-Mall/11-outputs/.gitkeep"":  {"
"4","Report generation or export",".sync_state\local_manifest.json","C:\Users\pc\OneDrive\Documents\Project Intelligence Hub\.sync_state\local_manifest.json","1588","1585-1596","report","""projects/Buildings/The BIG - PH01/08-branding/report_branding_template.json"":  {"
"4","Report generation or export",".sync_state\local_manifest.json","C:\Users\pc\OneDrive\Documents\Project Intelligence Hub\.sync_state\local_manifest.json","1618","1615-1626","output","""projects/Buildings/The BIG - PH01/11-outputs/.gitkeep"":  {"
"4","Report generation or export",".sync_state\local_manifest.json","C:\Users\pc\OneDrive\Documents\Project Intelligence Hub\.sync_state\local_manifest.json","2403","2400-2411","report","""reports/word_template_exporter.py"":  {"
"4","Report generation or export",".sync_state\local_manifest.json","C:\Users\pc\OneDrive\Documents\Project Intelligence Hub\.sync_state\local_manifest.json","2438","2435-2446","report","""scripts/generate_html_report.py"":  {"
"4","Report generation or export","contract_claims_center.py","C:\Users\pc\OneDrive\Documents\Project Intelligence Hub\contract_claims_center.py","338","335-346","output","exports_dir = app_dir / ""11-outputs"""
"4","Report generation or export","contract_claims_center.py","C:\Users\pc\OneDrive\Documents\Project Intelligence Hub\contract_claims_center.py","780","777-788","openpyxl","with pd.ExcelWriter(library_path, engine=""openpyxl"") as writer:"
"4","Report generation or export","contract_claims_center.py","C:\Users\pc\OneDrive\Documents\Project Intelligence Hub\contract_claims_center.py","781","778-789","to_excel; output","output_df.to_excel(writer, sheet_name=""Contract Clause Library"", index=False)"
"4","Report generation or export","contract_claims_center.py","C:\Users\pc\OneDrive\Documents\Project Intelligence Hub\contract_claims_center.py","971","968-979","output","""Write-Output $text """
"4","Report generation or export","contract_claims_center.py","C:\Users\pc\OneDrive\Documents\Project Intelligence Hub\contract_claims_center.py","2439","2436-2447","openpyxl; output","with pd.ExcelWriter(output, engine=""openpyxl"") as writer:"
"4","Report generation or export","contract_claims_center.py","C:\Users\pc\OneDrive\Documents\Project Intelligence Hub\contract_claims_center.py","2440","2437-2448","to_excel","clauses_df.to_excel(writer, sheet_name=""Contract Library"", index=False)"
"4","Report generation or export","contract_claims_center.py","C:\Users\pc\OneDrive\Documents\Project Intelligence Hub\contract_claims_center.py","2486","2483-2494","output","doc.save(output)"
"4","Report generation or export","dashboard.py","C:\Users\pc\OneDrive\Documents\Project Intelligence Hub\dashboard.py","38","35-46","report","fetch_last_generated_report,"
"4","Report generation or export","dashboard.py","C:\Users\pc\OneDrive\Documents\Project Intelligence Hub\dashboard.py","248","245-256","openpyxl; report","raise RuntimeError(""openpyxl is required for the Detailed Progress report workbook export but is not installed."")"
"4","Report generation or export","dashboard.py","C:\Users\pc\OneDrive\Documents\Project Intelligence Hub\dashboard.py","2266","2263-2274","report","""Export Report"","
"4","Report generation or export","dashboard.py","C:\Users\pc\OneDrive\Documents\Project Intelligence Hub\dashboard.py","4879","4876-4887","report","frames = _build_detailed_progress_report_frames(overview_metrics, evm_metrics, contract_metrics, delay_metrics, risk_metrics, milestone_metrics, activity_metrics, s_curve_metrics)"
"4","Report generation or export","dashboard.py","C:\Users\pc\OneDrive\Documents\Project Intelligence Hub\dashboard.py","5027","5024-5035","report","<section class=""hero""><h1>Detailed Progress Report</h1><div class=""sub"">{project_name} | Generated {html.escape(pd.Timestamp.today().strftime('%d %b %Y'))}</div></section>"
"4","Report generation or export","dashboard.py","C:\Users\pc\OneDrive\Documents\Project Intelligence Hub\dashboard.py","5040","5037-5048","report","base_html = build_detailed_progress_report_html(overview_metrics, evm_metrics, contract_metrics, delay_metrics, risk_metrics, milestone_metrics, activity_metrics, s_curve_metrics)"
"4","Report generation or export","dashboard.py","C:\Users\pc\OneDrive\Documents\Project Intelligence Hub\dashboard.py","5858","5855-5866","output","wb.save(output)"
"4","Report generation or export","dashboard.py","C:\Users\pc\OneDrive\Documents\Project Intelligence Hub\dashboard.py","7920","7917-7928","report","delay_report_df = delay_tia_add_number_of_delayed_days_column(build_delay_tia_delay_report_df(context, analysis))"
"4","Report generation or export","dashboard.py","C:\Users\pc\OneDrive\Documents\Project Intelligence Hub\dashboard.py","7985","7982-7993","openpyxl; output","with pd.ExcelWriter(output, engine=""openpyxl"") as writer:"
"4","Report generation or export","dashboard.py","C:\Users\pc\OneDrive\Documents\Project Intelligence Hub\dashboard.py","7987","7984-7995","report","""Delay Report"": build_delay_tia_delay_report_df(context, analysis),"
"4","Report generation or export","dashboard.py","C:\Users\pc\OneDrive\Documents\Project Intelligence Hub\dashboard.py","8008","8005-8016","to_excel","delay_tia_add_number_of_delayed_days_column(frame).to_excel(writer, sheet_name=sheet_name[:31], index=False)"
"4","Report generation or export","dashboard.py","C:\Users\pc\OneDrive\Documents\Project Intelligence Hub\dashboard.py","8507","8504-8515","report","evm_ppt = exportEVMToPowerPoint(project_title, report_date, evmData, rootCauseDf, mitigationDf, evmComments)"
"4","Report generation or export","dashboard.py","C:\Users\pc\OneDrive\Documents\Project Intelligence Hub\dashboard.py","8511","8508-8519","download_button","export_col1.download_button("
"4","Report generation or export","dashboard.py","C:\Users\pc\OneDrive\Documents\Project Intelligence Hub\dashboard.py","8518","8515-8526","download_button","export_col2.download_button("
"4","Report generation or export","dashboard.py","C:\Users\pc\OneDrive\Documents\Project Intelligence Hub\dashboard.py","8816","8813-8824","report","""Download Reports"","
"4","Report generation or export","dashboard.py","C:\Users\pc\OneDrive\Documents\Project Intelligence Hub\dashboard.py","9325","9322-9333","download_button","st.download_button("
"4","Report generation or export","dashboard.py","C:\Users\pc\OneDrive\Documents\Project Intelligence Hub\dashboard.py","9334","9331-9342","openpyxl","st.warning(""Excel export is unavailable because openpyxl is not installed."")"
"4","Report generation or export","dashboard.py","C:\Users\pc\OneDrive\Documents\Project Intelligence Hub\dashboard.py","9631","9628-9639","report","if tia_view == ""Download Reports"":"
"4","Report generation or export","dashboard.py","C:\Users\pc\OneDrive\Documents\Project Intelligence Hub\dashboard.py","9635","9632-9643","report","delay_report_df = build_delay_tia_delay_report_df(active_delay_tia_context, active_delay_tia_analysis)"
"4","Report generation or export","dashboard.py","C:\Users\pc\OneDrive\Documents\Project Intelligence Hub\dashboard.py","9637","9634-9645","report","detailed_report_html = build_delay_tia_detailed_report_html(active_delay_tia_context, active_delay_tia_analysis)"
"4","Report generation or export","dashboard.py","C:\Users\pc\OneDrive\Documents\Project Intelligence Hub\dashboard.py","9638","9635-9646","report","excel_report_bytes = build_delay_tia_excel_report_bytes(active_delay_tia_context, active_delay_tia_analysis)"
"4","Report generation or export","dashboard.py","C:\Users\pc\OneDrive\Documents\Project Intelligence Hub\dashboard.py","9640","9637-9648","report_type; report","last_generated_report = fetch_last_generated_report(CONTRACT_CLAIMS_DB_PATH, REPORT_TYPE_TIA_DIRECTOR_PACK)"
"4","Report generation or export","dashboard.py","C:\Users\pc\OneDrive\Documents\Project Intelligence Hub\dashboard.py","9641","9638-9649","output","generated_docx_path = resolve_existing_output_path(st.session_state.get(""tia_director_pack_generated_path""))"
"4","Report generation or export","dashboard.py","C:\Users\pc\OneDrive\Documents\Project Intelligence Hub\dashboard.py","9642","9639-9650","report","if generated_docx_path is None and last_generated_report:"
"4","Report generation or export","dashboard.py","C:\Users\pc\OneDrive\Documents\Project Intelligence Hub\dashboard.py","9643","9640-9651","output; report","generated_docx_path = resolve_existing_output_path(last_generated_report.get(""file_path""))"
"4","Report generation or export","dashboard.py","C:\Users\pc\OneDrive\Documents\Project Intelligence Hub\dashboard.py","9650","9647-9658","download_button","c1.download_button("
"4","Report generation or export","dashboard.py","C:\Users\pc\OneDrive\Documents\Project Intelligence Hub\dashboard.py","9657","9654-9665","download_button","c2.download_button("
"4","Report generation or export","dashboard.py","C:\Users\pc\OneDrive\Documents\Project Intelligence Hub\dashboard.py","9664","9661-9672","download_button","c3.download_button("
"4","Report generation or export","dashboard.py","C:\Users\pc\OneDrive\Documents\Project Intelligence Hub\dashboard.py","9672","9669-9680","download_button","c4.download_button("
"4","Report generation or export","dashboard.py","C:\Users\pc\OneDrive\Documents\Project Intelligence Hub\dashboard.py","9679","9676-9687","download_button","c5.download_button("
"4","Report generation or export","dashboard.py","C:\Users\pc\OneDrive\Documents\Project Intelligence Hub\dashboard.py","9688","9685-9696","report","st.warning(f""Director-level DOCX report could not be generated: {director_docx_error}"")"
"4","Report generation or export","dashboard.py","C:\Users\pc\OneDrive\Documents\Project Intelligence Hub\dashboard.py","9690","9687-9698","report","default_report_context = build_delay_tia_director_pack_context("
"4","Report generation or export","dashboard.py","C:\Users\pc\OneDrive\Documents\Project Intelligence Hub\dashboard.py","9710","9707-9718","report","last_report_col.metric(""Last Generated Report"", generated_docx_path.name if generated_docx_path else ""None"")"
"4","Report generation or export","dashboard.py","C:\Users\pc\OneDrive\Documents\Project Intelligence Hub\dashboard.py","9865","9862-9873","report","status_df = build_data_source_status_df(report_source_frames)"
"4","Report generation or export","dashboard.py","C:\Users\pc\OneDrive\Documents\Project Intelligence Hub\dashboard.py","9870","9867-9878","report","st.dataframe(build_replacement_preview_df(current_report_inputs), width=""stretch"", hide_index=True)"
"4","Report generation or export","dashboard.py","C:\Users\pc\OneDrive\Documents\Project Intelligence Hub\dashboard.py","9872","9869-9880","report","if st.button(""Generate Time Impact Analysis Report | Director Pack"", key=""generate_tia_director_pack""):"
"4","Report generation or export","dashboard.py","C:\Users\pc\OneDrive\Documents\Project Intelligence Hub\dashboard.py","9886","9883-9894","report","""generated_by"": ""Delay TIA - Report Generator"","
"4","Report generation or export","dashboard.py","C:\Users\pc\OneDrive\Documents\Project Intelligence Hub\dashboard.py","9891","9888-9899","output","output_path = generator.generate(generation_context)"
"4","Report generation or export","dashboard.py","C:\Users\pc\OneDrive\Documents\Project Intelligence Hub\dashboard.py","9892","9889-9900","output","st.session_state[""tia_director_pack_generated_path""] = str(output_path)"
"4","Report generation or export","dashboard.py","C:\Users\pc\OneDrive\Documents\Project Intelligence Hub\dashboard.py","9894","9891-9902","output","st.success(f""Generated: {output_path.name}"")"
"4","Report generation or export","dashboard.py","C:\Users\pc\OneDrive\Documents\Project Intelligence Hub\dashboard.py","10007","10004-10015","download_button","st.download_button("
"4","Report generation or export","dashboard.py","C:\Users\pc\OneDrive\Documents\Project Intelligence Hub\dashboard.py","10015","10012-10023","Presentation\(","original_template_bytes, original_template_unresolved = build_original_template_presentation("
"4","Report generation or export","dashboard.py","C:\Users\pc\OneDrive\Documents\Project Intelligence Hub\dashboard.py","10026","10023-10034","download_button","c1.download_button("
"4","Report generation or export","dashboard.py","C:\Users\pc\OneDrive\Documents\Project Intelligence Hub\dashboard.py","10034","10031-10042","download_button","c2.download_button("
"4","Report generation or export","dashboard.py","C:\Users\pc\OneDrive\Documents\Project Intelligence Hub\dashboard.py","10139","10136-10147","report","evm_ppt = exportEVMToPowerPoint(linked_project_title, linked_report_date, linked_evmData, rootCauseDf, mitigationDf, evmComments)"
"4","Report generation or export","dashboard.py","C:\Users\pc\OneDrive\Documents\Project Intelligence Hub\dashboard.py","10182","10179-10190","download_button","linked_export_col1.download_button("
"4","Report generation or export","dashboard.py","C:\Users\pc\OneDrive\Documents\Project Intelligence Hub\dashboard.py","10189","10186-10197","download_button","linked_export_col2.download_button("
"4","Report generation or export","dashboard.py","C:\Users\pc\OneDrive\Documents\Project Intelligence Hub\dashboard.py","10197","10194-10205","download_button","linked_export_col_summary_html.download_button("
"4","Report generation or export","dashboard.py","C:\Users\pc\OneDrive\Documents\Project Intelligence Hub\dashboard.py","10204","10201-10212","download_button","linked_export_col_summary.download_button("
"4","Report generation or export","dashboard.py","C:\Users\pc\OneDrive\Documents\Project Intelligence Hub\dashboard.py","10211","10208-10219","download_button","linked_export_col3.download_button("
"4","Report generation or export","dashboard.py","C:\Users\pc\OneDrive\Documents\Project Intelligence Hub\dashboard.py","10218","10215-10226","download_button","linked_export_col4.download_button("
"4","Report generation or export","dashboard.py","C:\Users\pc\OneDrive\Documents\Project Intelligence Hub\dashboard.py","10229","10226-10237","openpyxl","st.error(""`openpyxl` is not installed in the current environment, so the workbook export is temporarily unavailable."")"
"4","Report generation or export","dashboard.py","C:\Users\pc\OneDrive\Documents\Project Intelligence Hub\dashboard.py","10232","10229-10240","report","workbook_bytes, report_readme, report_assumptions = build_detailed_progress_report_package("
"4","Report generation or export","dashboard.py","C:\Users\pc\OneDrive\Documents\Project Intelligence Hub\dashboard.py","10298","10295-10306","report","detailed_html = build_detailed_progress_report_html("
"4","Report generation or export","dashboard.py","C:\Users\pc\OneDrive\Documents\Project Intelligence Hub\dashboard.py","10308","10305-10316","report","detailed_docx = build_detailed_progress_report_docx_bytes("
"4","Report generation or export","dashboard.py","C:\Users\pc\OneDrive\Documents\Project Intelligence Hub\dashboard.py","10329","10326-10337","download_button","c1.download_button("
"4","Report generation or export","dashboard.py","C:\Users\pc\OneDrive\Documents\Project Intelligence Hub\dashboard.py","10336","10333-10344","download_button","c2.download_button("
"4","Report generation or export","dashboard.py","C:\Users\pc\OneDrive\Documents\Project Intelligence Hub\dashboard.py","10343","10340-10351","download_button","c3.download_button("
"4","Report generation or export","dashboard.py","C:\Users\pc\OneDrive\Documents\Project Intelligence Hub\dashboard.py","10350","10347-10358","download_button","c4.download_button("
"4","Report generation or export","dashboard.py","C:\Users\pc\OneDrive\Documents\Project Intelligence Hub\dashboard.py","10874","10871-10882","output","""<div class='claims-surface'><div class='claims-surface-title'>Export Outputs</div><div class='claims-surface-body'>Export the stored contract knowledge base, mapped evidence, and the generated claim draft into management-ready and claim-ready formats.</div></div>"","
"4","Report generation or export","dashboard.py","C:\Users\pc\OneDrive\Documents\Project Intelligence Hub\dashboard.py","10894","10891-10902","reportlab; report","claim_pdf_bytes = ccc.build_claim_draft_pdf_bytes(claim_payload) if claim_payload and REPORTLAB_AVAILABLE else b"""""
"4","Report generation or export","dashboard.py","C:\Users\pc\OneDrive\Documents\Project Intelligence Hub\dashboard.py","10920","10917-10928","download_button","export_col1.download_button("
"4","Report generation or export","dashboard.py","C:\Users\pc\OneDrive\Documents\Project Intelligence Hub\dashboard.py","10928","10925-10936","download_button","export_col2.download_button("
"4","Report generation or export","dashboard.py","C:\Users\pc\OneDrive\Documents\Project Intelligence Hub\dashboard.py","10936","10933-10944","download_button","export_col3.download_button("
"4","Report generation or export","dashboard.py","C:\Users\pc\OneDrive\Documents\Project Intelligence Hub\dashboard.py","10946","10943-10954","download_button","export_col4.download_button("
"4","Report generation or export","dashboard.py","C:\Users\pc\OneDrive\Documents\Project Intelligence Hub\dashboard.py","10954","10951-10962","download_button","export_col5.download_button("
"4","Report generation or export","dashboard.py","C:\Users\pc\OneDrive\Documents\Project Intelligence Hub\dashboard.py","10962","10959-10970","download_button","export_col6.download_button("
"4","Report generation or export","dashboard.py","C:\Users\pc\OneDrive\Documents\Project Intelligence Hub\dashboard.py","10963","10960-10971","report","""Download HTML Report"","
"4","Report generation or export","data_lineage.json","C:\Users\pc\OneDrive\Documents\Project Intelligence Hub\data_lineage.json","110","107-118","output","""output_file_where_used"": ""Streamlit and selected-project exports"","
"4","Report generation or export","data_lineage.json","C:\Users\pc\OneDrive\Documents\Project Intelligence Hub\data_lineage.json","129","126-137","output","""output_file_where_used"": ""Streamlit and selected-project exports"","
"4","Report generation or export","data_lineage.json","C:\Users\pc\OneDrive\Documents\Project Intelligence Hub\data_lineage.json","148","145-156","output","""output_file_where_used"": ""Streamlit and selected-project exports"","
"4","Report generation or export","data_lineage.json","C:\Users\pc\OneDrive\Documents\Project Intelligence Hub\data_lineage.json","167","164-175","output","""output_file_where_used"": ""Streamlit and selected-project exports"","
"4","Report generation or export","data_lineage.json","C:\Users\pc\OneDrive\Documents\Project Intelligence Hub\data_lineage.json","186","183-194","output","""output_file_where_used"": ""Streamlit and selected-project exports"","
"4","Report generation or export","data_lineage.json","C:\Users\pc\OneDrive\Documents\Project Intelligence Hub\data_lineage.json","205","202-213","output","""output_file_where_used"": ""Streamlit and selected-project exports"","
"4","Report generation or export","data_lineage.json","C:\Users\pc\OneDrive\Documents\Project Intelligence Hub\data_lineage.json","224","221-232","output","""output_file_where_used"": ""Streamlit and selected-project exports"","
"4","Report generation or export","data_lineage.json","C:\Users\pc\OneDrive\Documents\Project Intelligence Hub\data_lineage.json","243","240-251","output","""output_file_where_used"": ""Streamlit and selected-project exports"","
"4","Report generation or export","data_lineage.json","C:\Users\pc\OneDrive\Documents\Project Intelligence Hub\data_lineage.json","262","259-270","output","""output_file_where_used"": ""Streamlit and selected-project exports"","
"4","Report generation or export","data_lineage.json","C:\Users\pc\OneDrive\Documents\Project Intelligence Hub\data_lineage.json","281","278-289","output","""output_file_where_used"": ""Streamlit and selected-project exports"","
"4","Report generation or export","data_lineage.json","C:\Users\pc\OneDrive\Documents\Project Intelligence Hub\data_lineage.json","300","297-308","output","""output_file_where_used"": ""Streamlit and selected-project exports"","
"4","Report generation or export","data_lineage.json","C:\Users\pc\OneDrive\Documents\Project Intelligence Hub\data_lineage.json","319","316-327","output","""output_file_where_used"": ""Streamlit and selected-project exports"","
"4","Report generation or export","data_lineage.json","C:\Users\pc\OneDrive\Documents\Project Intelligence Hub\data_lineage.json","338","335-346","output","""output_file_where_used"": ""Streamlit and selected-project exports"","
"4","Report generation or export","data_lineage.json","C:\Users\pc\OneDrive\Documents\Project Intelligence Hub\data_lineage.json","357","354-365","output","""output_file_where_used"": ""Streamlit and selected-project exports"","
"4","Report generation or export","data_lineage.json","C:\Users\pc\OneDrive\Documents\Project Intelligence Hub\data_lineage.json","376","373-384","output","""output_file_where_used"": ""Streamlit and selected-project exports"","
"4","Report generation or export","data_lineage.json","C:\Users\pc\OneDrive\Documents\Project Intelligence Hub\data_lineage.json","395","392-403","output","""output_file_where_used"": ""Streamlit and selected-project exports"","
"4","Report generation or export","data_lineage.json","C:\Users\pc\OneDrive\Documents\Project Intelligence Hub\data_lineage.json","414","411-422","output","""output_file_where_used"": ""Streamlit and selected-project exports"","
"4","Report generation or export","data_lineage.json","C:\Users\pc\OneDrive\Documents\Project Intelligence Hub\data_lineage.json","433","430-441","output","""output_file_where_used"": ""Streamlit and selected-project exports"","
"4","Report generation or export","data_lineage.json","C:\Users\pc\OneDrive\Documents\Project Intelligence Hub\data_lineage.json","452","449-460","output","""output_file_where_used"": ""Streamlit and selected-project exports"","
"4","Report generation or export","data_lineage.json","C:\Users\pc\OneDrive\Documents\Project Intelligence Hub\data_lineage.json","471","468-479","output","""output_file_where_used"": ""Streamlit and selected-project exports"","
"4","Report generation or export","data_lineage.json","C:\Users\pc\OneDrive\Documents\Project Intelligence Hub\data_lineage.json","479","476-487","report","""section_name"": ""Download Reports"","
"4","Report generation or export","data_lineage.json","C:\Users\pc\OneDrive\Documents\Project Intelligence Hub\data_lineage.json","509","506-517","output","""output_file_where_used"": ""Streamlit and selected-project exports"","
"4","Report generation or export","data_lineage.json","C:\Users\pc\OneDrive\Documents\Project Intelligence Hub\data_lineage.json","547","544-555","output","""output_file_where_used"": ""selected-project-prefixed HTML download"","
"4","Report generation or export","data_lineage.json","C:\Users\pc\OneDrive\Documents\Project Intelligence Hub\data_lineage.json","566","563-574","pptx; output","""output_file_where_used"": ""selected-project-prefixed HTML/PPTX downloads"","
"4","Report generation or export","data_lineage.json","C:\Users\pc\OneDrive\Documents\Project Intelligence Hub\data_lineage.json","582","579-590","report","""transformation_logic"": ""Build report package from active project metrics and tables"","
"4","Report generation or export","data_lineage.json","C:\Users\pc\OneDrive\Documents\Project Intelligence Hub\data_lineage.json","585","582-593","output","""output_file_where_used"": ""selected-project-prefixed XLSX/HTML/DOCX downloads"","
"4","Report generation or export","data_lineage.json","C:\Users\pc\OneDrive\Documents\Project Intelligence Hub\data_lineage.json","589","586-597","report","""responsible_module_function"": ""dashboard.build_detailed_progress_report_package"""
"4","Report generation or export","data_lineage.json","C:\Users\pc\OneDrive\Documents\Project Intelligence Hub\data_lineage.json","604","601-612","output","""output_file_where_used"": ""Streamlit and selected-project exports"","
"4","Report generation or export","data_lineage.json","C:\Users\pc\OneDrive\Documents\Project Intelligence Hub\data_lineage.json","623","620-631","output","""output_file_where_used"": ""Streamlit and selected-project exports"","
"4","Report generation or export","data_lineage.json","C:\Users\pc\OneDrive\Documents\Project Intelligence Hub\data_lineage.json","642","639-650","output","""output_file_where_used"": ""Streamlit and selected-project exports"","
"4","Report generation or export","data_lineage.json","C:\Users\pc\OneDrive\Documents\Project Intelligence Hub\data_lineage.json","661","658-667","output","""output_file_where_used"": ""Streamlit and selected-project exports"","
"4","Report generation or export","dr.ps1","C:\Users\pc\OneDrive\Documents\Project Intelligence Hub\dr.ps1","36","33-44","generate_report; report","""generate_report"","
"4","Report generation or export","dr.ps1","C:\Users\pc\OneDrive\Documents\Project Intelligence Hub\dr.ps1","37","34-45","create_report; report","""create_report"","
"4","Report generation or export","dr.ps1","C:\Users\pc\OneDrive\Documents\Project Intelligence Hub\dr.ps1","38","35-46","build_report; report","""build_report"","
"4","Report generation or export","dr.ps1","C:\Users\pc\OneDrive\Documents\Project Intelligence Hub\dr.ps1","39","36-47","render_report; report","""render_report"","
"4","Report generation or export","dr.ps1","C:\Users\pc\OneDrive\Documents\Project Intelligence Hub\dr.ps1","40","37-48","export_report; report","""export_report"","
"4","Report generation or export","dr.ps1","C:\Users\pc\OneDrive\Documents\Project Intelligence Hub\dr.ps1","46","43-54","download_button","""download_button"","
"4","Report generation or export","dr.ps1","C:\Users\pc\OneDrive\Documents\Project Intelligence Hub\dr.ps1","47","44-55","download_link","""download_link"","
"4","Report generation or export","dr.ps1","C:\Users\pc\OneDrive\Documents\Project Intelligence Hub\dr.ps1","48","45-56","savefig","""savefig"","
"4","Report generation or export","dr.ps1","C:\Users\pc\OneDrive\Documents\Project Intelligence Hub\dr.ps1","49","46-57","write_html","""write_html"","
"4","Report generation or export","dr.ps1","C:\Users\pc\OneDrive\Documents\Project Intelligence Hub\dr.ps1","50","47-58","write_pdf","""write_pdf"","
"4","Report generation or export","dr.ps1","C:\Users\pc\OneDrive\Documents\Project Intelligence Hub\dr.ps1","61","58-69","xlsxwriter","""xlsxwriter"","
"4","Report generation or export","dr.ps1","C:\Users\pc\OneDrive\Documents\Project Intelligence Hub\dr.ps1","161","158-169","report","$Category = ""Report generation or export"""
"4","Report generation or export","dr.ps1","C:\Users\pc\OneDrive\Documents\Project Intelligence Hub\dr.ps1","171","168-179","output; report","$Category = ""Generated report or output format"""
"4","Report generation or export","dr.ps1","C:\Users\pc\OneDrive\Documents\Project Intelligence Hub\dr.ps1","210","207-218","report","[void]$Builder.AppendLine(""PROJECT INTELLIGENCE HUB - REPORT GENERATOR AUDIT"")"
"4","Report generation or export","dr.ps1","C:\Users\pc\OneDrive\Documents\Project Intelligence Hub\dr.ps1","222","219-230","report","[void]$Builder.AppendLine(""PRIORITY FILES MOST LIKELY RESPONSIBLE FOR REPORT GENERATION"")"
"4","Report generation or export","dr.ps1","C:\Users\pc\OneDrive\Documents\Project Intelligence Hub\dr.ps1","250","247-258","report","[void]$Builder.AppendLine(""DETAILED REPORT-BY-REPORT AND LINE-BY-LINE MAP"")"
"4","Report generation or export","dr.ps1","C:\Users\pc\OneDrive\Documents\Project Intelligence Hub\dr.ps1","269","266-277","report","[void]$Builder.AppendLine(""No recognizable report-generation references were found."")"
"4","Report generation or export","PROJECT_DOCTOR.ps1","C:\Users\pc\OneDrive\Documents\Project Intelligence Hub\PROJECT_DOCTOR.ps1","74","71-82","report","$CompileTargets = @(""dashboard.py"", ""app.py"", ""src"", ""reports"", ""exports"", ""scripts"") | Where-Object { Test-Path $_ }"
"4","Report generation or export","PROJECT_DOCTOR.ps1","C:\Users\pc\OneDrive\Documents\Project Intelligence Hub\PROJECT_DOCTOR.ps1","112","109-119","output","$_.FullName -notmatch ""\\\.git\\|\\\.venv\\|\\venv\\|\\__pycache__\\|\\node_modules\\|\\outputs\\|\\generated_outputs\\|\\logs\\|\\\.streamlit\\delay_tia_upload_cache\\"""
"4","Report generation or export","PROJECT_DOCTOR.ps1","C:\Users\pc\OneDrive\Documents\Project Intelligence Hub\PROJECT_DOCTOR.ps1","118","115-119","report","Write-Host ""Project Doctor Report created:"" $Out -ForegroundColor Green"
"4","Report generation or export","reports\__init__.py","C:\Users\pc\OneDrive\Documents\Project Intelligence Hub\reports\__init__.py","5","2-13","report","fetch_last_generated_report,"
"4","Report generation or export","reports\__init__.py","C:\Users\pc\OneDrive\Documents\Project Intelligence Hub\reports\__init__.py","6","3-14","report","generate_tia_director_pack_report,"
"4","Report generation or export","reports\__init__.py","C:\Users\pc\OneDrive\Documents\Project Intelligence Hub\reports\__init__.py","13","10-15","report","""fetch_last_generated_report"","
"4","Report generation or export","reports\__init__.py","C:\Users\pc\OneDrive\Documents\Project Intelligence Hub\reports\__init__.py","14","11-15","report","""generate_tia_director_pack_report"","
"4","Report generation or export","reports\tia_director_pack_generator.py","C:\Users\pc\OneDrive\Documents\Project Intelligence Hub\reports\tia_director_pack_generator.py","14","11-22","report","from reports.word_template_exporter import ("
"4","Report generation or export","reports\tia_director_pack_generator.py","C:\Users\pc\OneDrive\Documents\Project Intelligence Hub\reports\tia_director_pack_generator.py","70","67-78","output","CREATE TABLE IF NOT EXISTS generated_outputs ("
"4","Report generation or export","reports\tia_director_pack_generator.py","C:\Users\pc\OneDrive\Documents\Project Intelligence Hub\reports\tia_director_pack_generator.py","92","89-100","output","ensure_generated_outputs_table(db_path)"
"4","Report generation or export","reports\tia_director_pack_generator.py","C:\Users\pc\OneDrive\Documents\Project Intelligence Hub\reports\tia_director_pack_generator.py","97","94-105","report_type; output; report","SELECT output_id, report_type, file_name, file_path, generated_at, generated_by,"
"4","Report generation or export","reports\tia_director_pack_generator.py","C:\Users\pc\OneDrive\Documents\Project Intelligence Hub\reports\tia_director_pack_generator.py","99","96-107","output","FROM generated_outputs"
"4","Report generation or export","reports\tia_director_pack_generator.py","C:\Users\pc\OneDrive\Documents\Project Intelligence Hub\reports\tia_director_pack_generator.py","110","107-118","output","ensure_generated_outputs_table(db_path)"
"4","Report generation or export","reports\tia_director_pack_generator.py","C:\Users\pc\OneDrive\Documents\Project Intelligence Hub\reports\tia_director_pack_generator.py","114","111-122","output","INSERT INTO generated_outputs ("
"4","Report generation or export","reports\tia_director_pack_generator.py","C:\Users\pc\OneDrive\Documents\Project Intelligence Hub\reports\tia_director_pack_generator.py","115","112-123","report_type; report","report_type, file_name, file_path, generated_at, generated_by,"
"4","Report generation or export","reports\tia_director_pack_generator.py","C:\Users\pc\OneDrive\Documents\Project Intelligence Hub\reports\tia_director_pack_generator.py","282","279-290","output","output_path = self.save_output(context)"
"4","Report generation or export","reports\tia_director_pack_generator.py","C:\Users\pc\OneDrive\Documents\Project Intelligence Hub\reports\tia_director_pack_generator.py","288","285-296","output","doc.save(output_path)"
"4","Report generation or export","reports\tia_director_pack_generator.py","C:\Users\pc\OneDrive\Documents\Project Intelligence Hub\reports\tia_director_pack_generator.py","412","409-417","output","_log_generated_output(self.db_path, payload)"
"4","Report generation or export","scripts\build_delay_tia_question_preview.py","C:\Users\pc\OneDrive\Documents\Project Intelligence Hub\scripts\build_delay_tia_question_preview.py","15","12-23","output","OUT_DIR = ROOT / ""generated_outputs"" / ""delay_tia_question"""
"4","Report generation or export","scripts\evaluate_contract_letters.py","C:\Users\pc\OneDrive\Documents\Project Intelligence Hub\scripts\evaluate_contract_letters.py","33","30-41","output","OUTPUT_DIR = ROOT / ""generated_outputs"" / ""contract_letters_eval"""
"4","Report generation or export","scripts\evaluate_delay_tia.py","C:\Users\pc\OneDrive\Documents\Project Intelligence Hub\scripts\evaluate_delay_tia.py","31","28-39","output","OUTPUT_DIR = ROOT / ""generated_outputs"" / ""delay_tia_eval"""
"4","Report generation or export","scripts\evaluate_output_studio.py","C:\Users\pc\OneDrive\Documents\Project Intelligence Hub\scripts\evaluate_output_studio.py","19","16-27","output","GENERATED_DIR = ROOT / ""generated_outputs"""
"4","Report generation or export","scripts\evaluate_output_studio.py","C:\Users\pc\OneDrive\Documents\Project Intelligence Hub\scripts\evaluate_output_studio.py","158","155-166","report","for folder in [GENERATED_DIR, REPORTS_DIR]:"
"4","Report generation or export","scripts\evaluate_output_studio.py","C:\Users\pc\OneDrive\Documents\Project Intelligence Hub\scripts\evaluate_output_studio.py","225","222-233","output; report","<p>Eval-driven quality loop for modern digital reports, dashboards, exports, and governed management output.</p>"
"4","Report generation or export","scripts\evaluate_output_studio.py","C:\Users\pc\OneDrive\Documents\Project Intelligence Hub\scripts\evaluate_output_studio.py","229","226-237","report","<section class=""panel""><h2>Generated / Report Artifacts</h2>{table(generated_inventory, 120)}</section>"
"4","Report generation or export","scripts\evaluate_output_studio.py","C:\Users\pc\OneDrive\Documents\Project Intelligence Hub\scripts\evaluate_output_studio.py","241","238-249","output","generated_inventory = inspect_generated_outputs()"
"4","Report generation or export","scripts\evaluate_output_studio.py","C:\Users\pc\OneDrive\Documents\Project Intelligence Hub\scripts\evaluate_output_studio.py","247","244-255","report","(""at least 8 generated/report artifacts inspected"", len(generated_inventory) >= 8, 8),"
"4","Report generation or export","scripts\evaluate_output_studio.py","C:\Users\pc\OneDrive\Documents\Project Intelligence Hub\scripts\evaluate_output_studio.py","253","250-261","output","export_checks = [(f""output path visible: {name}"", name in studio_source, 5) for name in EXPECTED_OUTPUT_PATHS]"
"4","Report generation or export","scripts\evaluate_output_studio.py","C:\Users\pc\OneDrive\Documents\Project Intelligence Hub\scripts\evaluate_output_studio.py","257","254-265","download_button","(""all modes have export/download controls"", studio_source.count(""download_button"") >= 12, 8),"
"4","Report generation or export","scripts\evaluate_output_studio.py","C:\Users\pc\OneDrive\Documents\Project Intelligence Hub\scripts\evaluate_output_studio.py","258","255-266","pptx","(""HTML, PPTX, XLSX, DOCX exports available"", all(term in studio_source for term in [""text/html"", ""presentationml.presentation"", ""spreadsheetml.sheet"", ""wordprocessingml.document""]), 8),"
"4","Report generation or export","scripts\evaluate_output_studio.py","C:\Users\pc\OneDrive\Documents\Project Intelligence Hub\scripts\evaluate_output_studio.py","267","264-275","report","(""Detailed Progress digital generators present"", all(term in source for term in [""build_detailed_progress_report_html"", ""build_detailed_progress_report_docx_bytes"", ""build_detailed_progress_power_bi_style_html""]), 8),"
"4","Report generation or export","scripts\evaluate_output_studio.py","C:\Users\pc\OneDrive\Documents\Project Intelligence Hub\scripts\evaluate_output_studio.py","285","282-293","output","(""download names include selected project identity"", ""output_project_slug"" in studio_source, 10),"
"4","Report generation or export","scripts\evaluate_output_studio.py","C:\Users\pc\OneDrive\Documents\Project Intelligence Hub\scripts\evaluate_output_studio.py","313","310-321","output","""generated_outputs_inspected"": int(len(generated_inventory)),"
"4","Report generation or export","scripts\evaluate_output_studio.py","C:\Users\pc\OneDrive\Documents\Project Intelligence Hub\scripts\evaluate_output_studio.py","322","319-330","output","(OUTPUT_DIR / f""scores_{label}.json"").write_text(json.dumps(scores, indent=2), encoding=""utf-8"")"
"4","Report generation or export","scripts\generate_html_report.py","C:\Users\pc\OneDrive\Documents\Project Intelligence Hub\scripts\generate_html_report.py","8","5-16","report","from construction_system.reporting import generate_html_report"
"4","Report generation or export","scripts\generate_html_report.py","C:\Users\pc\OneDrive\Documents\Project Intelligence Hub\scripts\generate_html_report.py","12","9-17","output; report","output = generate_html_report(DEFAULT_DB_PATH)"
"4","Report generation or export","scripts\generate_html_report.py","C:\Users\pc\OneDrive\Documents\Project Intelligence Hub\scripts\generate_html_report.py","13","10-17","output; report","print(f""HTML report generated at: {output}"")"
"4","Report generation or export","scripts\sync_current_to_samco_no_git.ps1","C:\Users\pc\OneDrive\Documents\Project Intelligence Hub\scripts\sync_current_to_samco_no_git.ps1","14","11-22","output","$logPath = Join-Path $root ""generated_outputs\logs\no_git_sync_to_github.log"""
"4","Report generation or export","scripts\watch_excel_and_push_to_samco.ps1","C:\Users\pc\OneDrive\Documents\Project Intelligence Hub\scripts\watch_excel_and_push_to_samco.ps1","10","7-18","output","$logPath = Join-Path $root ""generated_outputs\logs\excel_sync_to_github.log"""
"4","Report generation or export","scripts\watch_project_and_push_to_samco_no_git.ps1","C:\Users\pc\OneDrive\Documents\Project Intelligence Hub\scripts\watch_project_and_push_to_samco_no_git.ps1","13","10-21","output","$logPath = Join-Path $root ""generated_outputs\logs\no_git_auto_sync_watcher.log"""
"4","Report generation or export","scripts\watch_project_and_push_to_samco_no_git.ps1","C:\Users\pc\OneDrive\Documents\Project Intelligence Hub\scripts\watch_project_and_push_to_samco_no_git.ps1","24","21-32","output","""\generated_outputs\logs\"","
"4","Report generation or export","src\construction_system\__init__.py","C:\Users\pc\OneDrive\Documents\Project Intelligence Hub\src\construction_system\__init__.py","9","6-17","report","from .reporting import generate_html_report"
"4","Report generation or export","src\construction_system\__init__.py","C:\Users\pc\OneDrive\Documents\Project Intelligence Hub\src\construction_system\__init__.py","21","18-23","report","""generate_html_report"","
"4","Report generation or export","src\construction_system\openai_gateway.py","C:\Users\pc\OneDrive\Documents\Project Intelligence Hub\src\construction_system\openai_gateway.py","137","134-145","output","input_hash, output_json, error_message, created_at, updated_at"
"4","Report generation or export","src\construction_system\project_catalog.py","C:\Users\pc\OneDrive\Documents\Project Intelligence Hub\src\construction_system\project_catalog.py","188","185-196","output","""exports"": Path(""11-outputs""),"
"4","Report generation or export","src\construction_system\project_context.py","C:\Users\pc\OneDrive\Documents\Project Intelligence Hub\src\construction_system\project_context.py","65","62-73","output","exports_path=portfolio_root / ""11-outputs"","
"4","Report generation or export","src\construction_system\project_context.py","C:\Users\pc\OneDrive\Documents\Project Intelligence Hub\src\construction_system\project_context.py","93","90-100","output","exports_path=folder_path / ""11-outputs"","
"4","Report generation or export","src\construction_system\reporting.py","C:\Users\pc\OneDrive\Documents\Project Intelligence Hub\src\construction_system\reporting.py","102","99-103","output","output_path.write_text(html, encoding=""utf-8"")"
"4","Report generation or export","tools\generate_data_lineage.py","C:\Users\pc\OneDrive\Documents\Project Intelligence Hub\tools\generate_data_lineage.py","58","55-66","output; report","item(""Delay Analysis - TIA"", ""Download Reports"", ""DOCX/HTML/CSV/Primavera outputs"", ""canonical TIA datasets"", ""project_id, source_file, source_row, event_id, activity_id"", ""Generate into selected project deliverables path"", ""TIADirectorPackGenerator"", source_folder=""02-delay_analysis"", output=""projects/{project_folder_name}/10-deliverables""),"
"4","Report generation or export","tools\generate_data_lineage.py","C:\Users\pc\OneDrive\Documents\Project Intelligence Hub\tools\generate_data_lineage.py","84","81-92","report","""- Project-specific Claims Intelligence, Delay TIA, reports, slides, and exports are blocked in `Decision Making dashboard` mode."","
"4","Report generation or export","tools\validate_project_isolation.py","C:\Users\pc\OneDrive\Documents\Project Intelligence Hub\tools\validate_project_isolation.py","129","126-137","report","results.check(""8. Reports save under selected project"", first_context.reports_path.is_relative_to(first_context.project_folder_path))"
"3","Generated report or output format",".sync_state\local_manifest.json","C:\Users\pc\OneDrive\Documents\Project Intelligence Hub\.sync_state\local_manifest.json","33","30-41","\.docx","""Construction_Maintenance_Technical_Question_Bank.docx"":  {"
"3","Generated report or output format",".sync_state\local_manifest.json","C:\Users\pc\OneDrive\Documents\Project Intelligence Hub\.sync_state\local_manifest.json","38","35-46","\.docx","""Construction_Maintenance_Technical_Question_Bank_Enhanced_Learning_KnowHow.docx"":  {"
"3","Generated report or output format",".sync_state\local_manifest.json","C:\Users\pc\OneDrive\Documents\Project Intelligence Hub\.sync_state\local_manifest.json","178","175-186","\.csv; output","""11-outputs/power_bi_package/data_model_schema.csv"":  {"
"3","Generated report or output format",".sync_state\local_manifest.json","C:\Users\pc\OneDrive\Documents\Project Intelligence Hub\.sync_state\local_manifest.json","188","185-196","\.csv; output","""11-outputs/power_bi_package/data/claims_intelligence_summary.csv"":  {"
"3","Generated report or output format",".sync_state\local_manifest.json","C:\Users\pc\OneDrive\Documents\Project Intelligence Hub\.sync_state\local_manifest.json","193","190-201","\.csv; output","""11-outputs/power_bi_package/data/contract_clauses.csv"":  {"
"3","Generated report or output format",".sync_state\local_manifest.json","C:\Users\pc\OneDrive\Documents\Project Intelligence Hub\.sync_state\local_manifest.json","198","195-206","\.csv; output","""11-outputs/power_bi_package/data/projects_registry.csv"":  {"
"3","Generated report or output format",".sync_state\local_manifest.json","C:\Users\pc\OneDrive\Documents\Project Intelligence Hub\.sync_state\local_manifest.json","203","200-211","\.csv; output","""11-outputs/power_bi_package/data/source_file_register.csv"":  {"
"3","Generated report or output format",".sync_state\local_manifest.json","C:\Users\pc\OneDrive\Documents\Project Intelligence Hub\.sync_state\local_manifest.json","238","235-246","\.png","""analytics/frontend-screenshot.png"":  {"
"3","Generated report or output format",".sync_state\local_manifest.json","C:\Users\pc\OneDrive\Documents\Project Intelligence Hub\.sync_state\local_manifest.json","243","240-251","\.html; \.htm","""analytics/index.html"":  {"
"3","Generated report or output format",".sync_state\local_manifest.json","C:\Users\pc\OneDrive\Documents\Project Intelligence Hub\.sync_state\local_manifest.json","323","320-331","\.html; \.htm","""analytics/dist/index.html"":  {"
"3","Generated report or output format",".sync_state\local_manifest.json","C:\Users\pc\OneDrive\Documents\Project Intelligence Hub\.sync_state\local_manifest.json","353","350-361","\.png","""assets/logo.png"":  {"
"3","Generated report or output format",".sync_state\local_manifest.json","C:\Users\pc\OneDrive\Documents\Project Intelligence Hub\.sync_state\local_manifest.json","388","385-396","\.csv","""projects/Bridges/LMD-Bridgs/01-data/import_templates/activities.csv"":  {"
"3","Generated report or output format",".sync_state\local_manifest.json","C:\Users\pc\OneDrive\Documents\Project Intelligence Hub\.sync_state\local_manifest.json","393","390-401","\.csv","""projects/Bridges/LMD-Bridgs/01-data/import_templates/change_orders.csv"":  {"
"3","Generated report or output format",".sync_state\local_manifest.json","C:\Users\pc\OneDrive\Documents\Project Intelligence Hub\.sync_state\local_manifest.json","398","395-406","\.csv","""projects/Bridges/LMD-Bridgs/01-data/import_templates/claims.csv"":  {"
"3","Generated report or output format",".sync_state\local_manifest.json","C:\Users\pc\OneDrive\Documents\Project Intelligence Hub\.sync_state\local_manifest.json","403","400-411","\.csv","""projects/Bridges/LMD-Bridgs/01-data/import_templates/contracts.csv"":  {"
"3","Generated report or output format",".sync_state\local_manifest.json","C:\Users\pc\OneDrive\Documents\Project Intelligence Hub\.sync_state\local_manifest.json","408","405-416","\.csv","""projects/Bridges/LMD-Bridgs/01-data/import_templates/cost_items.csv"":  {"
"3","Generated report or output format",".sync_state\local_manifest.json","C:\Users\pc\OneDrive\Documents\Project Intelligence Hub\.sync_state\local_manifest.json","413","410-421","\.csv","""projects/Bridges/LMD-Bridgs/01-data/import_templates/delay_events.csv"":  {"
"3","Generated report or output format",".sync_state\local_manifest.json","C:\Users\pc\OneDrive\Documents\Project Intelligence Hub\.sync_state\local_manifest.json","418","415-426","\.csv","""projects/Bridges/LMD-Bridgs/01-data/import_templates/Delivered_steel_site.csv"":  {"
"3","Generated report or output format",".sync_state\local_manifest.json","C:\Users\pc\OneDrive\Documents\Project Intelligence Hub\.sync_state\local_manifest.json","423","420-431","\.csv","""projects/Bridges/LMD-Bridgs/01-data/import_templates/engineering_log.csv"":  {"
"3","Generated report or output format",".sync_state\local_manifest.json","C:\Users\pc\OneDrive\Documents\Project Intelligence Hub\.sync_state\local_manifest.json","428","425-436","\.csv","""projects/Bridges/LMD-Bridgs/01-data/import_templates/evm.csv"":  {"
"3","Generated report or output format",".sync_state\local_manifest.json","C:\Users\pc\OneDrive\Documents\Project Intelligence Hub\.sync_state\local_manifest.json","433","430-441","\.csv","""projects/Bridges/LMD-Bridgs/01-data/import_templates/ifc_conflict.csv"":  {"
"3","Generated report or output format",".sync_state\local_manifest.json","C:\Users\pc\OneDrive\Documents\Project Intelligence Hub\.sync_state\local_manifest.json","438","435-446","\.csv","""projects/Bridges/LMD-Bridgs/01-data/import_templates/milestones.csv"":  {"
"3","Generated report or output format",".sync_state\local_manifest.json","C:\Users\pc\OneDrive\Documents\Project Intelligence Hub\.sync_state\local_manifest.json","443","440-451","\.csv","""projects/Bridges/LMD-Bridgs/01-data/import_templates/payments.csv"":  {"
"3","Generated report or output format",".sync_state\local_manifest.json","C:\Users\pc\OneDrive\Documents\Project Intelligence Hub\.sync_state\local_manifest.json","448","445-456","\.csv","""projects/Bridges/LMD-Bridgs/01-data/import_templates/progress_updates.csv"":  {"
"3","Generated report or output format",".sync_state\local_manifest.json","C:\Users\pc\OneDrive\Documents\Project Intelligence Hub\.sync_state\local_manifest.json","453","450-461","\.csv","""projects/Bridges/LMD-Bridgs/01-data/import_templates/projects.csv"":  {"
"3","Generated report or output format",".sync_state\local_manifest.json","C:\Users\pc\OneDrive\Documents\Project Intelligence Hub\.sync_state\local_manifest.json","458","455-466","\.csv","""projects/Bridges/LMD-Bridgs/01-data/import_templates/rfi_ status.csv"":  {"
"3","Generated report or output format",".sync_state\local_manifest.json","C:\Users\pc\OneDrive\Documents\Project Intelligence Hub\.sync_state\local_manifest.json","463","460-471","\.csv","""projects/Bridges/LMD-Bridgs/01-data/import_templates/rft_qtys.csv"":  {"
"3","Generated report or output format",".sync_state\local_manifest.json","C:\Users\pc\OneDrive\Documents\Project Intelligence Hub\.sync_state\local_manifest.json","468","465-476","\.csv","""projects/Bridges/LMD-Bridgs/01-data/import_templates/risks.csv"":  {"
"3","Generated report or output format",".sync_state\local_manifest.json","C:\Users\pc\OneDrive\Documents\Project Intelligence Hub\.sync_state\local_manifest.json","473","470-481","\.csv","""projects/Bridges/LMD-Bridgs/01-data/import_templates/steel_activities_relationship.csv"":  {"
"3","Generated report or output format",".sync_state\local_manifest.json","C:\Users\pc\OneDrive\Documents\Project Intelligence Hub\.sync_state\local_manifest.json","478","475-486","\.csv","""projects/Bridges/LMD-Bridgs/01-data/import_templates/steel_delay_status_mployer_free_issue_material.csv"":  {"
"3","Generated report or output format",".sync_state\local_manifest.json","C:\Users\pc\OneDrive\Documents\Project Intelligence Hub\.sync_state\local_manifest.json","483","480-491","\.csv","""projects/Bridges/LMD-Bridgs/01-data/import_templates/s_curve.csv"":  {"
"3","Generated report or output format",".sync_state\local_manifest.json","C:\Users\pc\OneDrive\Documents\Project Intelligence Hub\.sync_state\local_manifest.json","488","485-496","\.csv","""projects/Bridges/LMD-Bridgs/01-data/import_templates/wbs.csv"":  {"
"3","Generated report or output format",".sync_state\local_manifest.json","C:\Users\pc\OneDrive\Documents\Project Intelligence Hub\.sync_state\local_manifest.json","493","490-501","\.docx","""projects/Bridges/LMD-Bridgs/02-delay_analysis/methodology/TIA methodology.docx"":  {"
"3","Generated report or output format",".sync_state\local_manifest.json","C:\Users\pc\OneDrive\Documents\Project Intelligence Hub\.sync_state\local_manifest.json","503","500-511","\.csv","""projects/Bridges/LMD-Bridgs/02-delay_analysis/steel_delay_tia_templates/01-project_metadata_template.csv"":  {"
"3","Generated report or output format",".sync_state\local_manifest.json","C:\Users\pc\OneDrive\Documents\Project Intelligence Hub\.sync_state\local_manifest.json","508","505-516","\.csv","""projects/Bridges/LMD-Bridgs/02-delay_analysis/steel_delay_tia_templates/02-master_activity_steel_analysis.csv"":  {"
"3","Generated report or output format",".sync_state\local_manifest.json","C:\Users\pc\OneDrive\Documents\Project Intelligence Hub\.sync_state\local_manifest.json","513","510-521","\.csv","""projects/Bridges/LMD-Bridgs/02-delay_analysis/steel_delay_tia_templates/03-employer_steel_supply_at_site.csv"":  {"
"3","Generated report or output format",".sync_state\local_manifest.json","C:\Users\pc\OneDrive\Documents\Project Intelligence Hub\.sync_state\local_manifest.json","523","520-531","\.csv","""projects/Bridges/LMD-Bridgs/02-delay_analysis/steel_delay_tia_templates/05-relationship_file.csv"":  {"
"3","Generated report or output format",".sync_state\local_manifest.json","C:\Users\pc\OneDrive\Documents\Project Intelligence Hub\.sync_state\local_manifest.json","528","525-536","\.csv","""projects/Bridges/LMD-Bridgs/02-delay_analysis/steel_delay_tia_templates/06-contract_library.csv"":  {"
"3","Generated report or output format",".sync_state\local_manifest.json","C:\Users\pc\OneDrive\Documents\Project Intelligence Hub\.sync_state\local_manifest.json","533","530-541","\.csv","""projects/Bridges/LMD-Bridgs/02-delay_analysis/steel_delay_tia_templates/07-ifc_conflict.csv"":  {"
"3","Generated report or output format",".sync_state\local_manifest.json","C:\Users\pc\OneDrive\Documents\Project Intelligence Hub\.sync_state\local_manifest.json","538","535-546","\.csv","""projects/Bridges/LMD-Bridgs/02-delay_analysis/steel_delay_tia_templates/08-payments.csv"":  {"
"3","Generated report or output format",".sync_state\local_manifest.json","C:\Users\pc\OneDrive\Documents\Project Intelligence Hub\.sync_state\local_manifest.json","543","540-551","\.csv","""projects/Bridges/LMD-Bridgs/02-delay_analysis/steel_delay_tia_templates/09-rfi_status.csv"":  {"
"3","Generated report or output format",".sync_state\local_manifest.json","C:\Users\pc\OneDrive\Documents\Project Intelligence Hub\.sync_state\local_manifest.json","548","545-556","\.csv","""projects/Bridges/LMD-Bridgs/02-delay_analysis/steel_delay_tia_templates/10-contractor_steel_supplied_at_site.csv"":  {"
"3","Generated report or output format",".sync_state\local_manifest.json","C:\Users\pc\OneDrive\Documents\Project Intelligence Hub\.sync_state\local_manifest.json","553","550-561","\.csv","""projects/Bridges/LMD-Bridgs/02-delay_analysis/steel_delay_tia_templates/11-concurrency_matrix_template.updated.csv"":  {"
"3","Generated report or output format",".sync_state\local_manifest.json","C:\Users\pc\OneDrive\Documents\Project Intelligence Hub\.sync_state\local_manifest.json","558","555-566","\.csv","""projects/Bridges/LMD-Bridgs/02-delay_analysis/steel_delay_tia_templates/12-client_steel_demand_by_dia_wide.csv"":  {"
"3","Generated report or output format",".sync_state\local_manifest.json","C:\Users\pc\OneDrive\Documents\Project Intelligence Hub\.sync_state\local_manifest.json","563","560-571","\.csv","""projects/Bridges/LMD-Bridgs/02-delay_analysis/steel_delay_tia_templates/13-client_steel_supply_by_dia_wide.csv"":  {"
"3","Generated report or output format",".sync_state\local_manifest.json","C:\Users\pc\OneDrive\Documents\Project Intelligence Hub\.sync_state\local_manifest.json","573","570-581","\.csv","""projects/Bridges/LMD-Bridgs/03-schedule/BL critical path.csv"":  {"
"3","Generated report or output format",".sync_state\local_manifest.json","C:\Users\pc\OneDrive\Documents\Project Intelligence Hub\.sync_state\local_manifest.json","578","575-586","\.csv","""projects/Bridges/LMD-Bridgs/03-schedule/BL float bath.csv"":  {"
"3","Generated report or output format",".sync_state\local_manifest.json","C:\Users\pc\OneDrive\Documents\Project Intelligence Hub\.sync_state\local_manifest.json","583","580-591","\.csv","""projects/Bridges/LMD-Bridgs/03-schedule/Bl Longest bath.csv"":  {"
"3","Generated report or output format",".sync_state\local_manifest.json","C:\Users\pc\OneDrive\Documents\Project Intelligence Hub\.sync_state\local_manifest.json","588","585-596","\.csv","""projects/Bridges/LMD-Bridgs/03-schedule/BL Schedule.csv"":  {"
"3","Generated report or output format",".sync_state\local_manifest.json","C:\Users\pc\OneDrive\Documents\Project Intelligence Hub\.sync_state\local_manifest.json","593","590-601","\.csv","""projects/Bridges/LMD-Bridgs/03-schedule/MEP Activities.csv"":  {"
"3","Generated report or output format",".sync_state\local_manifest.json","C:\Users\pc\OneDrive\Documents\Project Intelligence Hub\.sync_state\local_manifest.json","598","595-606","\.csv","""projects/Bridges/LMD-Bridgs/03-schedule/MEP Civil Logic.csv"":  {"
"3","Generated report or output format",".sync_state\local_manifest.json","C:\Users\pc\OneDrive\Documents\Project Intelligence Hub\.sync_state\local_manifest.json","603","600-611","\.csv","""projects/Bridges/LMD-Bridgs/03-schedule/MEP Schedule.csv"":  {"
"3","Generated report or output format",".sync_state\local_manifest.json","C:\Users\pc\OneDrive\Documents\Project Intelligence Hub\.sync_state\local_manifest.json","628","625-636","\.pdf","""projects/Bridges/LMD-Bridgs/05-contracts/source/Overall Contract.pdf"":  {"
"3","Generated report or output format",".sync_state\local_manifest.json","C:\Users\pc\OneDrive\Documents\Project Intelligence Hub\.sync_state\local_manifest.json","633","630-641","\.xlsx; \.xls","""projects/Bridges/LMD-Bridgs/05-contracts/source/Overall_Contract_clause_library.xlsx"":  {"
"3","Generated report or output format",".sync_state\local_manifest.json","C:\Users\pc\OneDrive\Documents\Project Intelligence Hub\.sync_state\local_manifest.json","648","645-656","\.csv","""projects/Bridges/LMD-Bridgs/06-evidence/clause_reference_template.csv"":  {"
"3","Generated report or output format",".sync_state\local_manifest.json","C:\Users\pc\OneDrive\Documents\Project Intelligence Hub\.sync_state\local_manifest.json","653","650-661","\.csv","""projects/Bridges/LMD-Bridgs/06-evidence/contract_evidence_register_template.csv"":  {"
"3","Generated report or output format",".sync_state\local_manifest.json","C:\Users\pc\OneDrive\Documents\Project Intelligence Hub\.sync_state\local_manifest.json","658","655-666","\.csv","""projects/Bridges/LMD-Bridgs/06-evidence/correspondence_reference_template.csv"":  {"
"3","Generated report or output format",".sync_state\local_manifest.json","C:\Users\pc\OneDrive\Documents\Project Intelligence Hub\.sync_state\local_manifest.json","663","660-671","\.csv","""projects/Bridges/LMD-Bridgs/06-evidence/document_reference_template.csv"":  {"
"3","Generated report or output format",".sync_state\local_manifest.json","C:\Users\pc\OneDrive\Documents\Project Intelligence Hub\.sync_state\local_manifest.json","668","665-676","\.csv","""projects/Bridges/LMD-Bridgs/06-evidence/evidence_register_template.csv"":  {"
"3","Generated report or output format",".sync_state\local_manifest.json","C:\Users\pc\OneDrive\Documents\Project Intelligence Hub\.sync_state\local_manifest.json","673","670-681","\.csv","""projects/Bridges/LMD-Bridgs/06-evidence/photo_log_template.csv"":  {"
"3","Generated report or output format",".sync_state\local_manifest.json","C:\Users\pc\OneDrive\Documents\Project Intelligence Hub\.sync_state\local_manifest.json","698","695-706","\.csv","""projects/Bridges/LMD-Bridgs/08-branding/color_palette_template.csv"":  {"
"3","Generated report or output format",".sync_state\local_manifest.json","C:\Users\pc\OneDrive\Documents\Project Intelligence Hub\.sync_state\local_manifest.json","1648","1645-1656","\.csv","""projects/Tunnels/Suez-Tunnel/01-data/import_templates/activities.csv"":  {"
"3","Generated report or output format",".sync_state\local_manifest.json","C:\Users\pc\OneDrive\Documents\Project Intelligence Hub\.sync_state\local_manifest.json","1653","1650-1661","\.csv","""projects/Tunnels/Suez-Tunnel/01-data/import_templates/change_orders.csv"":  {"
"3","Generated report or output format",".sync_state\local_manifest.json","C:\Users\pc\OneDrive\Documents\Project Intelligence Hub\.sync_state\local_manifest.json","1658","1655-1666","\.csv","""projects/Tunnels/Suez-Tunnel/01-data/import_templates/claims.csv"":  {"
"3","Generated report or output format",".sync_state\local_manifest.json","C:\Users\pc\OneDrive\Documents\Project Intelligence Hub\.sync_state\local_manifest.json","1663","1660-1671","\.csv","""projects/Tunnels/Suez-Tunnel/01-data/import_templates/contracts.csv"":  {"
"3","Generated report or output format",".sync_state\local_manifest.json","C:\Users\pc\OneDrive\Documents\Project Intelligence Hub\.sync_state\local_manifest.json","1668","1665-1676","\.csv","""projects/Tunnels/Suez-Tunnel/01-data/import_templates/cost_items.csv"":  {"
"3","Generated report or output format",".sync_state\local_manifest.json","C:\Users\pc\OneDrive\Documents\Project Intelligence Hub\.sync_state\local_manifest.json","1673","1670-1681","\.csv","""projects/Tunnels/Suez-Tunnel/01-data/import_templates/delay_events.csv"":  {"
"3","Generated report or output format",".sync_state\local_manifest.json","C:\Users\pc\OneDrive\Documents\Project Intelligence Hub\.sync_state\local_manifest.json","1678","1675-1686","\.csv","""projects/Tunnels/Suez-Tunnel/01-data/import_templates/Delivered_steel_site.csv"":  {"
"3","Generated report or output format",".sync_state\local_manifest.json","C:\Users\pc\OneDrive\Documents\Project Intelligence Hub\.sync_state\local_manifest.json","1683","1680-1691","\.csv","""projects/Tunnels/Suez-Tunnel/01-data/import_templates/engineering_log.csv"":  {"
"3","Generated report or output format",".sync_state\local_manifest.json","C:\Users\pc\OneDrive\Documents\Project Intelligence Hub\.sync_state\local_manifest.json","1688","1685-1696","\.csv","""projects/Tunnels/Suez-Tunnel/01-data/import_templates/evm.csv"":  {"
"3","Generated report or output format",".sync_state\local_manifest.json","C:\Users\pc\OneDrive\Documents\Project Intelligence Hub\.sync_state\local_manifest.json","1693","1690-1701","\.csv","""projects/Tunnels/Suez-Tunnel/01-data/import_templates/ifc_conflict.csv"":  {"
"3","Generated report or output format",".sync_state\local_manifest.json","C:\Users\pc\OneDrive\Documents\Project Intelligence Hub\.sync_state\local_manifest.json","1698","1695-1706","\.csv","""projects/Tunnels/Suez-Tunnel/01-data/import_templates/milestones.csv"":  {"
"3","Generated report or output format",".sync_state\local_manifest.json","C:\Users\pc\OneDrive\Documents\Project Intelligence Hub\.sync_state\local_manifest.json","1703","1700-1711","\.csv","""projects/Tunnels/Suez-Tunnel/01-data/import_templates/payments.csv"":  {"
"3","Generated report or output format",".sync_state\local_manifest.json","C:\Users\pc\OneDrive\Documents\Project Intelligence Hub\.sync_state\local_manifest.json","1708","1705-1716","\.csv","""projects/Tunnels/Suez-Tunnel/01-data/import_templates/progress_updates.csv"":  {"
"3","Generated report or output format",".sync_state\local_manifest.json","C:\Users\pc\OneDrive\Documents\Project Intelligence Hub\.sync_state\local_manifest.json","1713","1710-1721","\.csv","""projects/Tunnels/Suez-Tunnel/01-data/import_templates/projects.csv"":  {"
"3","Generated report or output format",".sync_state\local_manifest.json","C:\Users\pc\OneDrive\Documents\Project Intelligence Hub\.sync_state\local_manifest.json","1718","1715-1726","\.csv","""projects/Tunnels/Suez-Tunnel/01-data/import_templates/rfi_ status.csv"":  {"
"3","Generated report or output format",".sync_state\local_manifest.json","C:\Users\pc\OneDrive\Documents\Project Intelligence Hub\.sync_state\local_manifest.json","1723","1720-1731","\.csv","""projects/Tunnels/Suez-Tunnel/01-data/import_templates/rft_qtys.csv"":  {"
"3","Generated report or output format",".sync_state\local_manifest.json","C:\Users\pc\OneDrive\Documents\Project Intelligence Hub\.sync_state\local_manifest.json","1728","1725-1736","\.csv","""projects/Tunnels/Suez-Tunnel/01-data/import_templates/risks.csv"":  {"
"3","Generated report or output format",".sync_state\local_manifest.json","C:\Users\pc\OneDrive\Documents\Project Intelligence Hub\.sync_state\local_manifest.json","1733","1730-1741","\.csv","""projects/Tunnels/Suez-Tunnel/01-data/import_templates/steel_activities_relationship.csv"":  {"
"3","Generated report or output format",".sync_state\local_manifest.json","C:\Users\pc\OneDrive\Documents\Project Intelligence Hub\.sync_state\local_manifest.json","1738","1735-1746","\.csv","""projects/Tunnels/Suez-Tunnel/01-data/import_templates/steel_delay_status_mployer_free_issue_material.csv"":  {"
"3","Generated report or output format",".sync_state\local_manifest.json","C:\Users\pc\OneDrive\Documents\Project Intelligence Hub\.sync_state\local_manifest.json","1743","1740-1751","\.csv","""projects/Tunnels/Suez-Tunnel/01-data/import_templates/s_curve.csv"":  {"
"3","Generated report or output format",".sync_state\local_manifest.json","C:\Users\pc\OneDrive\Documents\Project Intelligence Hub\.sync_state\local_manifest.json","1748","1745-1756","\.csv","""projects/Tunnels/Suez-Tunnel/01-data/import_templates/wbs.csv"":  {"
"3","Generated report or output format",".sync_state\local_manifest.json","C:\Users\pc\OneDrive\Documents\Project Intelligence Hub\.sync_state\local_manifest.json","1753","1750-1761","\.docx","""projects/Tunnels/Suez-Tunnel/02-delay_analysis/methodology/TIA methodology.docx"":  {"
"3","Generated report or output format",".sync_state\local_manifest.json","C:\Users\pc\OneDrive\Documents\Project Intelligence Hub\.sync_state\local_manifest.json","1763","1760-1771","\.csv","""projects/Tunnels/Suez-Tunnel/02-delay_analysis/steel_delay_tia_templates/01-project_metadata_template.csv"":  {"
"3","Generated report or output format",".sync_state\local_manifest.json","C:\Users\pc\OneDrive\Documents\Project Intelligence Hub\.sync_state\local_manifest.json","1768","1765-1776","\.csv","""projects/Tunnels/Suez-Tunnel/02-delay_analysis/steel_delay_tia_templates/02-master_activity_steel_analysis.csv"":  {"
"3","Generated report or output format",".sync_state\local_manifest.json","C:\Users\pc\OneDrive\Documents\Project Intelligence Hub\.sync_state\local_manifest.json","1773","1770-1781","\.csv","""projects/Tunnels/Suez-Tunnel/02-delay_analysis/steel_delay_tia_templates/03-employer_steel_supply_at_site.csv"":  {"
"3","Generated report or output format",".sync_state\local_manifest.json","C:\Users\pc\OneDrive\Documents\Project Intelligence Hub\.sync_state\local_manifest.json","1783","1780-1791","\.csv","""projects/Tunnels/Suez-Tunnel/02-delay_analysis/steel_delay_tia_templates/05-relationship_file.csv"":  {"
"3","Generated report or output format",".sync_state\local_manifest.json","C:\Users\pc\OneDrive\Documents\Project Intelligence Hub\.sync_state\local_manifest.json","1788","1785-1796","\.csv","""projects/Tunnels/Suez-Tunnel/02-delay_analysis/steel_delay_tia_templates/06-contract_library.csv"":  {"
"3","Generated report or output format",".sync_state\local_manifest.json","C:\Users\pc\OneDrive\Documents\Project Intelligence Hub\.sync_state\local_manifest.json","1793","1790-1801","\.csv","""projects/Tunnels/Suez-Tunnel/02-delay_analysis/steel_delay_tia_templates/07-ifc_conflict.csv"":  {"
"3","Generated report or output format",".sync_state\local_manifest.json","C:\Users\pc\OneDrive\Documents\Project Intelligence Hub\.sync_state\local_manifest.json","1798","1795-1806","\.csv","""projects/Tunnels/Suez-Tunnel/02-delay_analysis/steel_delay_tia_templates/08-payments.csv"":  {"
"3","Generated report or output format",".sync_state\local_manifest.json","C:\Users\pc\OneDrive\Documents\Project Intelligence Hub\.sync_state\local_manifest.json","1803","1800-1811","\.csv","""projects/Tunnels/Suez-Tunnel/02-delay_analysis/steel_delay_tia_templates/09-rfi_status.csv"":  {"
"3","Generated report or output format",".sync_state\local_manifest.json","C:\Users\pc\OneDrive\Documents\Project Intelligence Hub\.sync_state\local_manifest.json","1808","1805-1816","\.csv","""projects/Tunnels/Suez-Tunnel/02-delay_analysis/steel_delay_tia_templates/10-contractor_steel_supplied_at_site.csv"":  {"
"3","Generated report or output format",".sync_state\local_manifest.json","C:\Users\pc\OneDrive\Documents\Project Intelligence Hub\.sync_state\local_manifest.json","1813","1810-1821","\.csv","""projects/Tunnels/Suez-Tunnel/02-delay_analysis/steel_delay_tia_templates/11-concurrency_matrix_template.updated.csv"":  {"
"3","Generated report or output format",".sync_state\local_manifest.json","C:\Users\pc\OneDrive\Documents\Project Intelligence Hub\.sync_state\local_manifest.json","1818","1815-1826","\.csv","""projects/Tunnels/Suez-Tunnel/02-delay_analysis/steel_delay_tia_templates/12-client_steel_demand_by_dia_wide.csv"":  {"
"3","Generated report or output format",".sync_state\local_manifest.json","C:\Users\pc\OneDrive\Documents\Project Intelligence Hub\.sync_state\local_manifest.json","1823","1820-1831","\.csv","""projects/Tunnels/Suez-Tunnel/02-delay_analysis/steel_delay_tia_templates/13-client_steel_supply_by_dia_wide.csv"":  {"
"3","Generated report or output format",".sync_state\local_manifest.json","C:\Users\pc\OneDrive\Documents\Project Intelligence Hub\.sync_state\local_manifest.json","1833","1830-1841","\.csv","""projects/Tunnels/Suez-Tunnel/03-schedule/BL critical path.csv"":  {"
"3","Generated report or output format",".sync_state\local_manifest.json","C:\Users\pc\OneDrive\Documents\Project Intelligence Hub\.sync_state\local_manifest.json","1838","1835-1846","\.csv","""projects/Tunnels/Suez-Tunnel/03-schedule/BL float bath.csv"":  {"
"3","Generated report or output format",".sync_state\local_manifest.json","C:\Users\pc\OneDrive\Documents\Project Intelligence Hub\.sync_state\local_manifest.json","1843","1840-1851","\.csv","""projects/Tunnels/Suez-Tunnel/03-schedule/Bl Longest bath.csv"":  {"
"3","Generated report or output format",".sync_state\local_manifest.json","C:\Users\pc\OneDrive\Documents\Project Intelligence Hub\.sync_state\local_manifest.json","1848","1845-1856","\.csv","""projects/Tunnels/Suez-Tunnel/03-schedule/BL Schedule.csv"":  {"
"3","Generated report or output format",".sync_state\local_manifest.json","C:\Users\pc\OneDrive\Documents\Project Intelligence Hub\.sync_state\local_manifest.json","1853","1850-1861","\.csv","""projects/Tunnels/Suez-Tunnel/03-schedule/MEP Activities.csv"":  {"
"3","Generated report or output format",".sync_state\local_manifest.json","C:\Users\pc\OneDrive\Documents\Project Intelligence Hub\.sync_state\local_manifest.json","1858","1855-1866","\.csv","""projects/Tunnels/Suez-Tunnel/03-schedule/MEP Civil Logic.csv"":  {"
"3","Generated report or output format",".sync_state\local_manifest.json","C:\Users\pc\OneDrive\Documents\Project Intelligence Hub\.sync_state\local_manifest.json","1863","1860-1871","\.csv","""projects/Tunnels/Suez-Tunnel/03-schedule/MEP Schedule.csv"":  {"
"3","Generated report or output format",".sync_state\local_manifest.json","C:\Users\pc\OneDrive\Documents\Project Intelligence Hub\.sync_state\local_manifest.json","1888","1885-1896","\.pdf","""projects/Tunnels/Suez-Tunnel/05-contracts/source/Overall Contract.pdf"":  {"
"3","Generated report or output format",".sync_state\local_manifest.json","C:\Users\pc\OneDrive\Documents\Project Intelligence Hub\.sync_state\local_manifest.json","1893","1890-1901","\.xlsx; \.xls","""projects/Tunnels/Suez-Tunnel/05-contracts/source/Overall_Contract_clause_library.xlsx"":  {"
"3","Generated report or output format",".sync_state\local_manifest.json","C:\Users\pc\OneDrive\Documents\Project Intelligence Hub\.sync_state\local_manifest.json","1908","1905-1916","\.csv","""projects/Tunnels/Suez-Tunnel/06-evidence/clause_reference_template.csv"":  {"
"3","Generated report or output format",".sync_state\local_manifest.json","C:\Users\pc\OneDrive\Documents\Project Intelligence Hub\.sync_state\local_manifest.json","1913","1910-1921","\.csv","""projects/Tunnels/Suez-Tunnel/06-evidence/contract_evidence_register_template.csv"":  {"
"3","Generated report or output format",".sync_state\local_manifest.json","C:\Users\pc\OneDrive\Documents\Project Intelligence Hub\.sync_state\local_manifest.json","1918","1915-1926","\.csv","""projects/Tunnels/Suez-Tunnel/06-evidence/correspondence_reference_template.csv"":  {"
"3","Generated report or output format",".sync_state\local_manifest.json","C:\Users\pc\OneDrive\Documents\Project Intelligence Hub\.sync_state\local_manifest.json","1923","1920-1931","\.csv","""projects/Tunnels/Suez-Tunnel/06-evidence/document_reference_template.csv"":  {"
"3","Generated report or output format",".sync_state\local_manifest.json","C:\Users\pc\OneDrive\Documents\Project Intelligence Hub\.sync_state\local_manifest.json","1928","1925-1936","\.csv","""projects/Tunnels/Suez-Tunnel/06-evidence/evidence_register_template.csv"":  {"
"3","Generated report or output format",".sync_state\local_manifest.json","C:\Users\pc\OneDrive\Documents\Project Intelligence Hub\.sync_state\local_manifest.json","1933","1930-1941","\.csv","""projects/Tunnels/Suez-Tunnel/06-evidence/photo_log_template.csv"":  {"
"3","Generated report or output format",".sync_state\local_manifest.json","C:\Users\pc\OneDrive\Documents\Project Intelligence Hub\.sync_state\local_manifest.json","1958","1955-1966","\.csv","""projects/Tunnels/Suez-Tunnel/08-branding/color_palette_template.csv"":  {"
"3","Generated report or output format",".sync_state\local_manifest.json","C:\Users\pc\OneDrive\Documents\Project Intelligence Hub\.sync_state\local_manifest.json","2033","2030-2041","\.csv","""projects/_PROJECT_TEMPLATE/01-data/import_templates/activities.csv"":  {"
"3","Generated report or output format",".sync_state\local_manifest.json","C:\Users\pc\OneDrive\Documents\Project Intelligence Hub\.sync_state\local_manifest.json","2038","2035-2046","\.csv","""projects/_PROJECT_TEMPLATE/01-data/import_templates/change_orders.csv"":  {"
"3","Generated report or output format",".sync_state\local_manifest.json","C:\Users\pc\OneDrive\Documents\Project Intelligence Hub\.sync_state\local_manifest.json","2043","2040-2051","\.csv","""projects/_PROJECT_TEMPLATE/01-data/import_templates/claims.csv"":  {"
"3","Generated report or output format",".sync_state\local_manifest.json","C:\Users\pc\OneDrive\Documents\Project Intelligence Hub\.sync_state\local_manifest.json","2048","2045-2056","\.csv","""projects/_PROJECT_TEMPLATE/01-data/import_templates/contracts.csv"":  {"
"3","Generated report or output format",".sync_state\local_manifest.json","C:\Users\pc\OneDrive\Documents\Project Intelligence Hub\.sync_state\local_manifest.json","2053","2050-2061","\.csv","""projects/_PROJECT_TEMPLATE/01-data/import_templates/cost_items.csv"":  {"
"3","Generated report or output format",".sync_state\local_manifest.json","C:\Users\pc\OneDrive\Documents\Project Intelligence Hub\.sync_state\local_manifest.json","2058","2055-2066","\.csv","""projects/_PROJECT_TEMPLATE/01-data/import_templates/delay_events.csv"":  {"
"3","Generated report or output format",".sync_state\local_manifest.json","C:\Users\pc\OneDrive\Documents\Project Intelligence Hub\.sync_state\local_manifest.json","2063","2060-2071","\.csv","""projects/_PROJECT_TEMPLATE/01-data/import_templates/Delivered_steel_site.csv"":  {"
"3","Generated report or output format",".sync_state\local_manifest.json","C:\Users\pc\OneDrive\Documents\Project Intelligence Hub\.sync_state\local_manifest.json","2068","2065-2076","\.csv","""projects/_PROJECT_TEMPLATE/01-data/import_templates/engineering_log.csv"":  {"
"3","Generated report or output format",".sync_state\local_manifest.json","C:\Users\pc\OneDrive\Documents\Project Intelligence Hub\.sync_state\local_manifest.json","2073","2070-2081","\.csv","""projects/_PROJECT_TEMPLATE/01-data/import_templates/evm.csv"":  {"
"3","Generated report or output format",".sync_state\local_manifest.json","C:\Users\pc\OneDrive\Documents\Project Intelligence Hub\.sync_state\local_manifest.json","2078","2075-2086","\.csv","""projects/_PROJECT_TEMPLATE/01-data/import_templates/ifc_conflict.csv"":  {"
"3","Generated report or output format",".sync_state\local_manifest.json","C:\Users\pc\OneDrive\Documents\Project Intelligence Hub\.sync_state\local_manifest.json","2083","2080-2091","\.csv","""projects/_PROJECT_TEMPLATE/01-data/import_templates/milestones.csv"":  {"
"3","Generated report or output format",".sync_state\local_manifest.json","C:\Users\pc\OneDrive\Documents\Project Intelligence Hub\.sync_state\local_manifest.json","2088","2085-2096","\.csv","""projects/_PROJECT_TEMPLATE/01-data/import_templates/payments.csv"":  {"
"3","Generated report or output format",".sync_state\local_manifest.json","C:\Users\pc\OneDrive\Documents\Project Intelligence Hub\.sync_state\local_manifest.json","2093","2090-2101","\.csv","""projects/_PROJECT_TEMPLATE/01-data/import_templates/progress_updates.csv"":  {"
"3","Generated report or output format",".sync_state\local_manifest.json","C:\Users\pc\OneDrive\Documents\Project Intelligence Hub\.sync_state\local_manifest.json","2098","2095-2106","\.csv","""projects/_PROJECT_TEMPLATE/01-data/import_templates/projects.csv"":  {"
"3","Generated report or output format",".sync_state\local_manifest.json","C:\Users\pc\OneDrive\Documents\Project Intelligence Hub\.sync_state\local_manifest.json","2103","2100-2111","\.csv","""projects/_PROJECT_TEMPLATE/01-data/import_templates/rfi_ status.csv"":  {"
"3","Generated report or output format",".sync_state\local_manifest.json","C:\Users\pc\OneDrive\Documents\Project Intelligence Hub\.sync_state\local_manifest.json","2108","2105-2116","\.csv","""projects/_PROJECT_TEMPLATE/01-data/import_templates/rft_qtys.csv"":  {"
"3","Generated report or output format",".sync_state\local_manifest.json","C:\Users\pc\OneDrive\Documents\Project Intelligence Hub\.sync_state\local_manifest.json","2113","2110-2121","\.csv","""projects/_PROJECT_TEMPLATE/01-data/import_templates/risks.csv"":  {"
"3","Generated report or output format",".sync_state\local_manifest.json","C:\Users\pc\OneDrive\Documents\Project Intelligence Hub\.sync_state\local_manifest.json","2118","2115-2126","\.csv","""projects/_PROJECT_TEMPLATE/01-data/import_templates/steel_activities_relationship.csv"":  {"
"3","Generated report or output format",".sync_state\local_manifest.json","C:\Users\pc\OneDrive\Documents\Project Intelligence Hub\.sync_state\local_manifest.json","2123","2120-2131","\.csv","""projects/_PROJECT_TEMPLATE/01-data/import_templates/steel_delay_status_mployer_free_issue_material.csv"":  {"
"3","Generated report or output format",".sync_state\local_manifest.json","C:\Users\pc\OneDrive\Documents\Project Intelligence Hub\.sync_state\local_manifest.json","2128","2125-2136","\.csv","""projects/_PROJECT_TEMPLATE/01-data/import_templates/s_curve.csv"":  {"
"3","Generated report or output format",".sync_state\local_manifest.json","C:\Users\pc\OneDrive\Documents\Project Intelligence Hub\.sync_state\local_manifest.json","2133","2130-2141","\.csv","""projects/_PROJECT_TEMPLATE/01-data/import_templates/wbs.csv"":  {"
"3","Generated report or output format",".sync_state\local_manifest.json","C:\Users\pc\OneDrive\Documents\Project Intelligence Hub\.sync_state\local_manifest.json","2148","2145-2156","\.csv","""projects/_PROJECT_TEMPLATE/02-delay_analysis/steel_delay_tia_templates/01-project_metadata_template.csv"":  {"
"3","Generated report or output format",".sync_state\local_manifest.json","C:\Users\pc\OneDrive\Documents\Project Intelligence Hub\.sync_state\local_manifest.json","2153","2150-2161","\.csv","""projects/_PROJECT_TEMPLATE/02-delay_analysis/steel_delay_tia_templates/02- master_activity_steel_analysis.csv"":  {"
"3","Generated report or output format",".sync_state\local_manifest.json","C:\Users\pc\OneDrive\Documents\Project Intelligence Hub\.sync_state\local_manifest.json","2158","2155-2166","\.csv","""projects/_PROJECT_TEMPLATE/02-delay_analysis/steel_delay_tia_templates/03- employer_steel_supply_at_site.csv"":  {"
"3","Generated report or output format",".sync_state\local_manifest.json","C:\Users\pc\OneDrive\Documents\Project Intelligence Hub\.sync_state\local_manifest.json","2168","2165-2176","\.csv","""projects/_PROJECT_TEMPLATE/02-delay_analysis/steel_delay_tia_templates/05- relationship_file.csv"":  {"
"3","Generated report or output format",".sync_state\local_manifest.json","C:\Users\pc\OneDrive\Documents\Project Intelligence Hub\.sync_state\local_manifest.json","2173","2170-2181","\.csv","""projects/_PROJECT_TEMPLATE/02-delay_analysis/steel_delay_tia_templates/06- contract_library.csv"":  {"
"3","Generated report or output format",".sync_state\local_manifest.json","C:\Users\pc\OneDrive\Documents\Project Intelligence Hub\.sync_state\local_manifest.json","2178","2175-2186","\.csv","""projects/_PROJECT_TEMPLATE/02-delay_analysis/steel_delay_tia_templates/07- ifc_conflict.csv"":  {"
"3","Generated report or output format",".sync_state\local_manifest.json","C:\Users\pc\OneDrive\Documents\Project Intelligence Hub\.sync_state\local_manifest.json","2183","2180-2191","\.csv","""projects/_PROJECT_TEMPLATE/02-delay_analysis/steel_delay_tia_templates/08- payments.csv"":  {"
"3","Generated report or output format",".sync_state\local_manifest.json","C:\Users\pc\OneDrive\Documents\Project Intelligence Hub\.sync_state\local_manifest.json","2188","2185-2196","\.csv","""projects/_PROJECT_TEMPLATE/02-delay_analysis/steel_delay_tia_templates/09- rfi_status.csv"":  {"
"3","Generated report or output format",".sync_state\local_manifest.json","C:\Users\pc\OneDrive\Documents\Project Intelligence Hub\.sync_state\local_manifest.json","2193","2190-2201","\.csv","""projects/_PROJECT_TEMPLATE/02-delay_analysis/steel_delay_tia_templates/10- contractor_steel_supplied_at_site.csv"":  {"
"3","Generated report or output format",".sync_state\local_manifest.json","C:\Users\pc\OneDrive\Documents\Project Intelligence Hub\.sync_state\local_manifest.json","2198","2195-2206","\.csv","""projects/_PROJECT_TEMPLATE/02-delay_analysis/steel_delay_tia_templates/11-concurrency_matrix_template.updated.csv"":  {"
"3","Generated report or output format",".sync_state\local_manifest.json","C:\Users\pc\OneDrive\Documents\Project Intelligence Hub\.sync_state\local_manifest.json","2203","2200-2211","\.csv","""projects/_PROJECT_TEMPLATE/02-delay_analysis/steel_delay_tia_templates/12-client_steel_demand_by_dia_wide.csv"":  {"
"3","Generated report or output format",".sync_state\local_manifest.json","C:\Users\pc\OneDrive\Documents\Project Intelligence Hub\.sync_state\local_manifest.json","2208","2205-2216","\.csv","""projects/_PROJECT_TEMPLATE/02-delay_analysis/steel_delay_tia_templates/13-client_steel_supply_by_dia_wide.csv"":  {"
"3","Generated report or output format",".sync_state\local_manifest.json","C:\Users\pc\OneDrive\Documents\Project Intelligence Hub\.sync_state\local_manifest.json","2218","2215-2226","\.csv","""projects/_PROJECT_TEMPLATE/03-schedule/BL critical path.csv"":  {"
"3","Generated report or output format",".sync_state\local_manifest.json","C:\Users\pc\OneDrive\Documents\Project Intelligence Hub\.sync_state\local_manifest.json","2223","2220-2231","\.csv","""projects/_PROJECT_TEMPLATE/03-schedule/BL float bath.csv"":  {"
"3","Generated report or output format",".sync_state\local_manifest.json","C:\Users\pc\OneDrive\Documents\Project Intelligence Hub\.sync_state\local_manifest.json","2228","2225-2236","\.csv","""projects/_PROJECT_TEMPLATE/03-schedule/Bl Longest bath.csv"":  {"
"3","Generated report or output format",".sync_state\local_manifest.json","C:\Users\pc\OneDrive\Documents\Project Intelligence Hub\.sync_state\local_manifest.json","2233","2230-2241","\.csv","""projects/_PROJECT_TEMPLATE/03-schedule/BL Schedule.csv"":  {"
"3","Generated report or output format",".sync_state\local_manifest.json","C:\Users\pc\OneDrive\Documents\Project Intelligence Hub\.sync_state\local_manifest.json","2238","2235-2246","\.csv","""projects/_PROJECT_TEMPLATE/03-schedule/MEP Activities.csv"":  {"
"3","Generated report or output format",".sync_state\local_manifest.json","C:\Users\pc\OneDrive\Documents\Project Intelligence Hub\.sync_state\local_manifest.json","2243","2240-2251","\.csv","""projects/_PROJECT_TEMPLATE/03-schedule/MEP Civil Logic.csv"":  {"
"3","Generated report or output format",".sync_state\local_manifest.json","C:\Users\pc\OneDrive\Documents\Project Intelligence Hub\.sync_state\local_manifest.json","2248","2245-2256","\.csv","""projects/_PROJECT_TEMPLATE/03-schedule/MEP Schedule.csv"":  {"
"3","Generated report or output format",".sync_state\local_manifest.json","C:\Users\pc\OneDrive\Documents\Project Intelligence Hub\.sync_state\local_manifest.json","2268","2265-2276","\.csv","""projects/_PROJECT_TEMPLATE/06-evidence/clause_reference_template.csv"":  {"
"3","Generated report or output format",".sync_state\local_manifest.json","C:\Users\pc\OneDrive\Documents\Project Intelligence Hub\.sync_state\local_manifest.json","2273","2270-2281","\.csv","""projects/_PROJECT_TEMPLATE/06-evidence/contract_evidence_register_template.csv"":  {"
"3","Generated report or output format",".sync_state\local_manifest.json","C:\Users\pc\OneDrive\Documents\Project Intelligence Hub\.sync_state\local_manifest.json","2278","2275-2286","\.csv","""projects/_PROJECT_TEMPLATE/06-evidence/correspondence_reference_template.csv"":  {"
"3","Generated report or output format",".sync_state\local_manifest.json","C:\Users\pc\OneDrive\Documents\Project Intelligence Hub\.sync_state\local_manifest.json","2283","2280-2291","\.csv","""projects/_PROJECT_TEMPLATE/06-evidence/document_reference_template.csv"":  {"
"3","Generated report or output format",".sync_state\local_manifest.json","C:\Users\pc\OneDrive\Documents\Project Intelligence Hub\.sync_state\local_manifest.json","2288","2285-2296","\.csv","""projects/_PROJECT_TEMPLATE/06-evidence/evidence_register_template.csv"":  {"
"3","Generated report or output format",".sync_state\local_manifest.json","C:\Users\pc\OneDrive\Documents\Project Intelligence Hub\.sync_state\local_manifest.json","2293","2290-2301","\.csv","""projects/_PROJECT_TEMPLATE/06-evidence/photo_log_template.csv"":  {"
"3","Generated report or output format",".sync_state\local_manifest.json","C:\Users\pc\OneDrive\Documents\Project Intelligence Hub\.sync_state\local_manifest.json","2298","2295-2306","\.xlsx; \.xls","""projects/_PROJECT_TEMPLATE/07-letters_intelligence/letters_intelligence.xlsx"":  {"
"3","Generated report or output format",".sync_state\local_manifest.json","C:\Users\pc\OneDrive\Documents\Project Intelligence Hub\.sync_state\local_manifest.json","2318","2315-2326","\.csv","""projects/_PROJECT_TEMPLATE/08-branding/color_palette_template.csv"":  {"
"3","Generated report or output format",".sync_state\local_manifest.json","C:\Users\pc\OneDrive\Documents\Project Intelligence Hub\.sync_state\local_manifest.json","2383","2380-2391","\.html; \.htm; report","""reports/project_control_report.html"":  {"
"3","Generated report or output format",".sync_state\local_manifest.json","C:\Users\pc\OneDrive\Documents\Project Intelligence Hub\.sync_state\local_manifest.json","2388","2385-2396","\.docx; report","""reports/Project_Folder_and_File_Guide.docx"":  {"
"3","Generated report or output format",".sync_state\local_manifest.json","C:\Users\pc\OneDrive\Documents\Project Intelligence Hub\.sync_state\local_manifest.json","2393","2390-2401","\.docx; report","""reports/TIA_Director_Level_Word_Report_Template.docx"":  {"
"3","Generated report or output format",".sync_state\local_manifest.json","C:\Users\pc\OneDrive\Documents\Project Intelligence Hub\.sync_state\local_manifest.json","2413","2410-2421","\.docx; report","""reports/templates/time_impact_analysis_report_director_pack.docx"":  {"
"3","Possible report reference","analytics\src\main.tsx","C:\Users\pc\OneDrive\Documents\Project Intelligence Hub\analytics\src\main.tsx","73","70-81","output","const finalOutput = events.findLast((event) => event.type === ""final"")?.output;"
"3","Generated report or output format","contract_claims_center.py","C:\Users\pc\OneDrive\Documents\Project Intelligence Hub\contract_claims_center.py","34","31-42","\.pdf; \.docx; \.xlsx; \.xls; \.csv","SUPPORTED_CONTRACT_EXTENSIONS = {"".pdf"", "".docx"", "".txt"", "".csv"", "".xls"", "".xlsx""}"
"3","Generated report or output format","contract_claims_center.py","C:\Users\pc\OneDrive\Documents\Project Intelligence Hub\contract_claims_center.py","35","32-43","\.html; \.htm","SUPPORTED_EVIDENCE_EXTENSIONS = SUPPORTED_CONTRACT_EXTENSIONS | {"".eml"", "".msg"", "".html""}"
"3","Generated report or output format","contract_claims_center.py","C:\Users\pc\OneDrive\Documents\Project Intelligence Hub\contract_claims_center.py","686","683-694","\.xlsx; \.xls; \.csv","return path.suffix.lower() in {"".csv"", "".xls"", "".xlsx""} and (""clause_library"" in name or ""contract_library"" in name)"
"3","Generated report or output format","contract_claims_center.py","C:\Users\pc\OneDrive\Documents\Project Intelligence Hub\contract_claims_center.py","733","730-741","\.pdf","if suffix == "".pdf"":"
"3","Generated report or output format","contract_claims_center.py","C:\Users\pc\OneDrive\Documents\Project Intelligence Hub\contract_claims_center.py","756","753-764","\.xlsx; \.xls","library_path = contracts_dir / ""Overall_Contract_clause_library.xlsx"""
"3","Generated report or output format","contract_claims_center.py","C:\Users\pc\OneDrive\Documents\Project Intelligence Hub\contract_claims_center.py","806","803-814","\.csv","if path.suffix.lower() == "".csv"":"
"3","Generated report or output format","contract_claims_center.py","C:\Users\pc\OneDrive\Documents\Project Intelligence Hub\contract_claims_center.py","879","876-887","Document\(; \.pdf","pdf = pdfium.PdfDocument(str(path))"
"3","Generated report or output format","contract_claims_center.py","C:\Users\pc\OneDrive\Documents\Project Intelligence Hub\contract_claims_center.py","897","894-905","\.pdf","reader = module.PdfReader(str(path))"
"3","Generated report or output format","contract_claims_center.py","C:\Users\pc\OneDrive\Documents\Project Intelligence Hub\contract_claims_center.py","998","995-1006","\.xlsx; \.xls; \.csv","if suffix in {"".csv"", "".xls"", "".xlsx""}:"
"3","Generated report or output format","contract_claims_center.py","C:\Users\pc\OneDrive\Documents\Project Intelligence Hub\contract_claims_center.py","1000","997-1008","\.docx","if suffix == "".docx"":"
"3","Generated report or output format","contract_claims_center.py","C:\Users\pc\OneDrive\Documents\Project Intelligence Hub\contract_claims_center.py","1002","999-1010","\.pdf","if suffix == "".pdf"":"
"3","Generated report or output format","contract_claims_center.py","C:\Users\pc\OneDrive\Documents\Project Intelligence Hub\contract_claims_center.py","1013","1010-1021","\.csv","if suffix == "".csv"":"
"3","Generated report or output format","contract_claims_center.py","C:\Users\pc\OneDrive\Documents\Project Intelligence Hub\contract_claims_center.py","1019","1016-1027","\.xlsx; \.xls","if suffix in {"".xls"", "".xlsx""}:"
"3","Generated report or output format","contract_claims_center.py","C:\Users\pc\OneDrive\Documents\Project Intelligence Hub\contract_claims_center.py","1029","1026-1037","\.docx","if suffix == "".docx"":"
"3","Generated report or output format","contract_claims_center.py","C:\Users\pc\OneDrive\Documents\Project Intelligence Hub\contract_claims_center.py","1036","1033-1044","\.pdf","if suffix == "".pdf"":"
"3","Generated report or output format","contract_claims_center.py","C:\Users\pc\OneDrive\Documents\Project Intelligence Hub\contract_claims_center.py","1057","1054-1065","\.csv","if path.suffix.lower() == "".csv"":"
"3","Possible report reference","contract_claims_center.py","C:\Users\pc\OneDrive\Documents\Project Intelligence Hub\contract_claims_center.py","1280","1277-1288","Document\(","def upsert_contract_document(cur: sqlite3.Cursor, path: Path, file_hash: str, content_text: str, contract_version: str) -> int:"
"3","Generated report or output format","contract_claims_center.py","C:\Users\pc\OneDrive\Documents\Project Intelligence Hub\contract_claims_center.py","1319","1316-1327","\.pdf","if path.suffix.lower() == "".pdf"":"
"3","Generated report or output format","contract_claims_center.py","C:\Users\pc\OneDrive\Documents\Project Intelligence Hub\contract_claims_center.py","1381","1378-1389","\.xlsx; \.xls; \.csv","if path.suffix.lower() in {"".csv"", "".xls"", "".xlsx""}:"
"3","Generated report or output format","contract_claims_center.py","C:\Users\pc\OneDrive\Documents\Project Intelligence Hub\contract_claims_center.py","2494","2491-2502","reportlab; \.pdf; report","from reportlab.pdfgen import canvas"
"3","Generated report or output format","dashboard.py","C:\Users\pc\OneDrive\Documents\Project Intelligence Hub\dashboard.py","56","53-64","reportlab; \.pdf; report","from reportlab.pdfbase.pdfmetrics import stringWidth"
"3","Generated report or output format","dashboard.py","C:\Users\pc\OneDrive\Documents\Project Intelligence Hub\dashboard.py","57","54-65","reportlab; \.pdf; report","from reportlab.pdfgen import canvas as rl_canvas"
"3","Generated report or output format","dashboard.py","C:\Users\pc\OneDrive\Documents\Project Intelligence Hub\dashboard.py","137","134-145","\.png","LOGO_PATH = APP_DIR / ""assets"" / ""logo.png"""
"3","Generated report or output format","dashboard.py","C:\Users\pc\OneDrive\Documents\Project Intelligence Hub\dashboard.py","143","140-151","\.csv","PROJECTS_CSV_PATH = IMPORT_TEMPLATES_DIR / ""projects.csv"""
"3","Generated report or output format","dashboard.py","C:\Users\pc\OneDrive\Documents\Project Intelligence Hub\dashboard.py","144","141-152","\.csv","ACTIVITIES_CSV_PATH = IMPORT_TEMPLATES_DIR / ""activities.csv"""
"3","Generated report or output format","dashboard.py","C:\Users\pc\OneDrive\Documents\Project Intelligence Hub\dashboard.py","145","142-153","\.csv","EVM_CSV_PATH = IMPORT_TEMPLATES_DIR / ""evm.csv"""
"3","Generated report or output format","dashboard.py","C:\Users\pc\OneDrive\Documents\Project Intelligence Hub\dashboard.py","146","143-154","\.csv","CONTRACTS_CSV_PATH = IMPORT_TEMPLATES_DIR / ""contracts.csv"""
"3","Generated report or output format","dashboard.py","C:\Users\pc\OneDrive\Documents\Project Intelligence Hub\dashboard.py","147","144-155","\.csv","PAYMENTS_CSV_PATH = IMPORT_TEMPLATES_DIR / ""payments.csv"""
"3","Generated report or output format","dashboard.py","C:\Users\pc\OneDrive\Documents\Project Intelligence Hub\dashboard.py","148","145-156","\.csv","DELAYS_CSV_PATH = IMPORT_TEMPLATES_DIR / ""delay_events.csv"""
"3","Generated report or output format","dashboard.py","C:\Users\pc\OneDrive\Documents\Project Intelligence Hub\dashboard.py","149","146-157","\.csv","RISKS_CSV_PATH = IMPORT_TEMPLATES_DIR / ""risks.csv"""
"3","Generated report or output format","dashboard.py","C:\Users\pc\OneDrive\Documents\Project Intelligence Hub\dashboard.py","150","147-158","\.csv","MILESTONES_CSV_PATH = IMPORT_TEMPLATES_DIR / ""milestones.csv"""
"3","Generated report or output format","dashboard.py","C:\Users\pc\OneDrive\Documents\Project Intelligence Hub\dashboard.py","151","148-159","\.csv","CHANGE_ORDERS_CSV_PATH = IMPORT_TEMPLATES_DIR / ""change_orders.csv"""
"3","Generated report or output format","dashboard.py","C:\Users\pc\OneDrive\Documents\Project Intelligence Hub\dashboard.py","152","149-160","\.csv","STEEL_DELAY_CSV_PATH = IMPORT_TEMPLATES_DIR / ""steel_delay_status_mployer_free_issue_material.csv"""
"3","Generated report or output format","dashboard.py","C:\Users\pc\OneDrive\Documents\Project Intelligence Hub\dashboard.py","153","150-161","\.csv","RFI_STATUS_CSV_PATH = IMPORT_TEMPLATES_DIR / ""rfi_ status.csv"""
"3","Generated report or output format","dashboard.py","C:\Users\pc\OneDrive\Documents\Project Intelligence Hub\dashboard.py","154","151-162","\.csv","IFC_CONFLICT_CSV_PATH = IMPORT_TEMPLATES_DIR / ""ifc_conflict.csv"""
"3","Generated report or output format","dashboard.py","C:\Users\pc\OneDrive\Documents\Project Intelligence Hub\dashboard.py","155","152-163","\.csv","S_CURVE_CSV_PATH = IMPORT_TEMPLATES_DIR / ""s_curve.csv"""
"3","Generated report or output format","dashboard.py","C:\Users\pc\OneDrive\Documents\Project Intelligence Hub\dashboard.py","156","153-164","\.csv","WBS_CSV_PATH = IMPORT_TEMPLATES_DIR / ""wbs.csv"""
"3","Generated report or output format","dashboard.py","C:\Users\pc\OneDrive\Documents\Project Intelligence Hub\dashboard.py","158","155-166","\.docx; report","TIA_DIRECTOR_WORD_TEMPLATE_PATH = APP_DIR / ""reports"" / ""templates"" / ""time_impact_analysis_report_director_pack.docx"""
"3","Possible report reference","dashboard.py","C:\Users\pc\OneDrive\Documents\Project Intelligence Hub\dashboard.py","246","243-254","openpyxl","def require_openpyxl():"
"3","Generated report or output format","dashboard.py","C:\Users\pc\OneDrive\Documents\Project Intelligence Hub\dashboard.py","385","382-393","\.csv","if file_name == ""payments.csv"":"
"3","Generated report or output format","dashboard.py","C:\Users\pc\OneDrive\Documents\Project Intelligence Hub\dashboard.py","397","394-405","\.csv","elif file_name == ""delay_events.csv"":"
"3","Generated report or output format","dashboard.py","C:\Users\pc\OneDrive\Documents\Project Intelligence Hub\dashboard.py","418","415-426","\.csv","elif file_name == ""rfi_ status.csv"":"
"3","Generated report or output format","dashboard.py","C:\Users\pc\OneDrive\Documents\Project Intelligence Hub\dashboard.py","424","421-432","\.csv","elif file_name == ""ifc_conflict.csv"":"
"3","Generated report or output format","dashboard.py","C:\Users\pc\OneDrive\Documents\Project Intelligence Hub\dashboard.py","1923","1920-1931","\.csv","{""Input Slide"": ""Overview"", ""Input Dataset"": ""projects.csv"", ""Time Impact Use"": ""Project dates and remaining duration context"", ""Status"": ""Connected""},"
"3","Generated report or output format","dashboard.py","C:\Users\pc\OneDrive\Documents\Project Intelligence Hub\dashboard.py","1924","1921-1932","\.csv","{""Input Slide"": ""Delays"", ""Input Dataset"": ""delay_events.csv"", ""Time Impact Use"": ""Primary event register and delay durations"", ""Status"": ""Connected""},"
"3","Generated report or output format","dashboard.py","C:\Users\pc\OneDrive\Documents\Project Intelligence Hub\dashboard.py","1925","1922-1933","\.csv","{""Input Slide"": ""Risks"", ""Input Dataset"": ""risks.csv + steel/rfi/ifc files"", ""Time Impact Use"": ""Causation, responsibility, and issue-source enrichment"", ""Status"": ""Connected""},"
"3","Generated report or output format","dashboard.py","C:\Users\pc\OneDrive\Documents\Project Intelligence Hub\dashboard.py","1926","1923-1934","\.csv","{""Input Slide"": ""Activities"", ""Input Dataset"": ""activities.csv"", ""Time Impact Use"": ""Critical path, near-critical path, RFT, and deviation linkage"", ""Status"": ""Connected""},"
"3","Generated report or output format","dashboard.py","C:\Users\pc\OneDrive\Documents\Project Intelligence Hub\dashboard.py","1927","1924-1935","\.csv","{""Input Slide"": ""Contracts"", ""Input Dataset"": ""contracts.csv + payments.csv"", ""Time Impact Use"": ""Commercial pressure and certification/payment gap context"", ""Status"": ""Connected""},"
"3","Generated report or output format","dashboard.py","C:\Users\pc\OneDrive\Documents\Project Intelligence Hub\dashboard.py","1969","1966-1977","\.xlsx; \.xls","return letters_intelligence_root(project_id) / ""letters_intelligence.xlsx"""
"3","Possible report reference","dashboard.py","C:\Users\pc\OneDrive\Documents\Project Intelligence Hub\dashboard.py","2004","2001-2012","Workbook\(","def load_letters_workbook():"
"3","Possible report reference","dashboard.py","C:\Users\pc\OneDrive\Documents\Project Intelligence Hub\dashboard.py","2618","2615-2626","report","def printEVMHtml(project_title: str, report_date: str, evmData: dict, rootCauseDf: pd.DataFrame, mitigationDf: pd.DataFrame, evmComments: dict) -> str:"
"3","Generated report or output format","dashboard.py","C:\Users\pc\OneDrive\Documents\Project Intelligence Hub\dashboard.py","3943","3940-3951","\.csv","rft_df = filter_active_project(load_core_csv(APP_DIR / ""data"" / ""import_templates"" / ""rft_qtys.csv""))"
"3","Generated report or output format","dashboard.py","C:\Users\pc\OneDrive\Documents\Project Intelligence Hub\dashboard.py","4959","4956-4967","\.xlsx; \.xls; report","1. `Detailed_Progress_Report_PowerBI_Ready.xlsx`"
"3","Generated report or output format","dashboard.py","C:\Users\pc\OneDrive\Documents\Project Intelligence Hub\dashboard.py","4960","4957-4968","\.html; \.htm; report","2. `Detailed_Progress_Report.html`"
"3","Generated report or output format","dashboard.py","C:\Users\pc\OneDrive\Documents\Project Intelligence Hub\dashboard.py","4961","4958-4969","\.docx; report","3. `Detailed_Progress_Report.docx`"
"3","Generated report or output format","dashboard.py","C:\Users\pc\OneDrive\Documents\Project Intelligence Hub\dashboard.py","4962","4959-4970","\.html; \.htm; report","4. `Detailed_Progress_Report_PowerBI_Style.html`"
"3","Generated report or output format","dashboard.py","C:\Users\pc\OneDrive\Documents\Project Intelligence Hub\dashboard.py","5265","5262-5273","\.csv","active_clause_library = project_data_path(PROJECTS_DIR, active_project_id, ""delay_analysis"", ""06- contract_library.csv"") if active_project_id else Path()"
"3","Generated report or output format","dashboard.py","C:\Users\pc\OneDrive\Documents\Project Intelligence Hub\dashboard.py","5297","5294-5305","\.png","project_logo_path = active_project_context.branding_path / ""logo.png"" if active_project_id else LOGO_PATH"
"3","Generated report or output format","dashboard.py","C:\Users\pc\OneDrive\Documents\Project Intelligence Hub\dashboard.py","5298","5295-5306","\.png","legacy_project_logo_path = project_data_path(PROJECTS_DIR, active_project_id, ""branding"", ""logo.png"") if active_project_id else LOGO_PATH"
"3","Generated report or output format","dashboard.py","C:\Users\pc\OneDrive\Documents\Project Intelligence Hub\dashboard.py","5408","5405-5416","\.csv","inventory_dir = project_scoped_file(STEEL_TIA_DIR / ""01-project_metadata_template.csv"").parent"
"3","Generated report or output format","dashboard.py","C:\Users\pc\OneDrive\Documents\Project Intelligence Hub\dashboard.py","5410","5407-5418","\.csv","if path.suffix.lower() == "".csv"":"
"3","Generated report or output format","dashboard.py","C:\Users\pc\OneDrive\Documents\Project Intelligence Hub\dashboard.py","5438","5435-5446","\.csv; report","""01-project_metadata_template.csv"": ""Project metadata, baseline/update identity, data date, parties, and report context."","
"3","Generated report or output format","dashboard.py","C:\Users\pc\OneDrive\Documents\Project Intelligence Hub\dashboard.py","5439","5436-5447","\.csv","""02- master_activity_steel_analysis.csv"": ""Activity-level steel requirement, shortage, delayed duration, and affected activity source."","
"3","Generated report or output format","dashboard.py","C:\Users\pc\OneDrive\Documents\Project Intelligence Hub\dashboard.py","5440","5437-5448","\.csv","""03- employer_steel_supply_at_site.csv"": ""Employer supply timing used for steel availability and stock-out calculation."","
"3","Generated report or output format","dashboard.py","C:\Users\pc\OneDrive\Documents\Project Intelligence Hub\dashboard.py","5442","5439-5450","\.csv","""05- relationship_file.csv"": ""Predecessor/successor logic for causation and fragnet insertion."","
"3","Generated report or output format","dashboard.py","C:\Users\pc\OneDrive\Documents\Project Intelligence Hub\dashboard.py","5443","5440-5451","\.csv","""06- contract_library.csv"": ""Entitlement, notice, time-bar, money impact, and schedule-impact support."","
"3","Generated report or output format","dashboard.py","C:\Users\pc\OneDrive\Documents\Project Intelligence Hub\dashboard.py","5444","5441-5452","\.csv","""07- ifc_conflict.csv"": ""IFC/design conflict support delay stream."","
"3","Generated report or output format","dashboard.py","C:\Users\pc\OneDrive\Documents\Project Intelligence Hub\dashboard.py","5445","5442-5453","\.csv","""08- payments.csv"": ""Payment/cashflow support delay stream."","
"3","Generated report or output format","dashboard.py","C:\Users\pc\OneDrive\Documents\Project Intelligence Hub\dashboard.py","5446","5443-5454","\.csv","""09- rfi_status.csv"": ""RFI status support delay stream."","
"3","Generated report or output format","dashboard.py","C:\Users\pc\OneDrive\Documents\Project Intelligence Hub\dashboard.py","5447","5444-5455","\.csv","""10- contractor_steel_supplied_at_site.csv"": ""Contractor steel visibility and mitigation evidence only; excluded from employer-steel entitlement calculation."","
"3","Generated report or output format","dashboard.py","C:\Users\pc\OneDrive\Documents\Project Intelligence Hub\dashboard.py","5448","5445-5456","\.csv","""11-concurrency_matrix_template.updated.csv"": ""Concurrency framework for overlap windows, critical path checks, and compensability separation."","
"3","Generated report or output format","dashboard.py","C:\Users\pc\OneDrive\Documents\Project Intelligence Hub\dashboard.py","5449","5446-5457","\.csv","""01- master_activity_steel_analysis.csv"": ""Legacy master activity steel analysis file."","
"3","Generated report or output format","dashboard.py","C:\Users\pc\OneDrive\Documents\Project Intelligence Hub\dashboard.py","5450","5447-5458","\.csv","""02- employer_steel_supply.csv"": ""Legacy employer steel supply file."","
"3","Generated report or output format","dashboard.py","C:\Users\pc\OneDrive\Documents\Project Intelligence Hub\dashboard.py","5451","5448-5459","\.csv","""03- employer_steel_supply.csv"": ""Legacy employer supply timing used for steel availability and stock-out calculation."","
"3","Generated report or output format","dashboard.py","C:\Users\pc\OneDrive\Documents\Project Intelligence Hub\dashboard.py","5453","5450-5461","\.csv","""04- relationship_file.csv"": ""Legacy relationship file."","
"3","Generated report or output format","dashboard.py","C:\Users\pc\OneDrive\Documents\Project Intelligence Hub\dashboard.py","5454","5451-5462","\.csv","""05- contract_library.csv"": ""Legacy contract library file."","
"3","Generated report or output format","dashboard.py","C:\Users\pc\OneDrive\Documents\Project Intelligence Hub\dashboard.py","5455","5452-5463","\.csv","""06- ifc_conflict.csv"": ""Legacy IFC/design conflict support delay stream."","
"3","Generated report or output format","dashboard.py","C:\Users\pc\OneDrive\Documents\Project Intelligence Hub\dashboard.py","5456","5453-5464","\.csv","""07- payments.csv"": ""Legacy payment/cashflow support delay stream."","
"3","Generated report or output format","dashboard.py","C:\Users\pc\OneDrive\Documents\Project Intelligence Hub\dashboard.py","5457","5454-5465","\.csv","""08- rfi_status.csv"": ""Legacy RFI status support delay stream."","
"3","Generated report or output format","dashboard.py","C:\Users\pc\OneDrive\Documents\Project Intelligence Hub\dashboard.py","5458","5455-5466","\.csv","""09- samco_steel_supplied_at_site.csv"": ""Legacy contractor site steel visibility only; excluded from employer-steel delay calculation."","
"3","Generated report or output format","dashboard.py","C:\Users\pc\OneDrive\Documents\Project Intelligence Hub\dashboard.py","5459","5456-5467","\.csv","""10- samco_steel_supplied_at_site.csv"": ""Legacy contractor site steel visibility only; excluded from employer-steel delay calculation."","
"3","Generated report or output format","dashboard.py","C:\Users\pc\OneDrive\Documents\Project Intelligence Hub\dashboard.py","5460","5457-5468","\.csv","""RFI Delay.csv"": ""Detailed RFI delay register used for RFI support and concurrency review."","
"3","Generated report or output format","dashboard.py","C:\Users\pc\OneDrive\Documents\Project Intelligence Hub\dashboard.py","5467","5464-5475","\.csv","""metadata"": [""01-project_metadata_template.csv""],"
"3","Generated report or output format","dashboard.py","C:\Users\pc\OneDrive\Documents\Project Intelligence Hub\dashboard.py","5468","5465-5476","\.csv","""master"": [""02- master_activity_steel_analysis.csv"", ""02-master_activity_steel_analysis.csv"", ""01- master_activity_steel_analysis.csv"", ""01- master_activity_steel_analysis.csv""],"
"3","Generated report or output format","dashboard.py","C:\Users\pc\OneDrive\Documents\Project Intelligence Hub\dashboard.py","5469","5466-5477","\.csv","""employer"": [""03- employer_steel_supply_at_site.csv"", ""03- employer_steel_supply.csv"", ""02- employer_steel_supply.csv""],"
"3","Generated report or output format","dashboard.py","C:\Users\pc\OneDrive\Documents\Project Intelligence Hub\dashboard.py","5471","5468-5479","\.csv","""relationship"": [""05- relationship_file.csv"", ""04- relationship_file.csv""],"
"3","Generated report or output format","dashboard.py","C:\Users\pc\OneDrive\Documents\Project Intelligence Hub\dashboard.py","5472","5469-5480","\.csv","""contract"": [""06- contract_library.csv"", ""05- contract_library.csv""],"
"3","Generated report or output format","dashboard.py","C:\Users\pc\OneDrive\Documents\Project Intelligence Hub\dashboard.py","5473","5470-5481","\.csv","""ifc"": [""07- ifc_conflict.csv"", ""06- ifc_conflict.csv""],"
"3","Generated report or output format","dashboard.py","C:\Users\pc\OneDrive\Documents\Project Intelligence Hub\dashboard.py","5474","5471-5482","\.csv","""payments"": [""08- payments.csv"", ""07- payments.csv""],"
"3","Generated report or output format","dashboard.py","C:\Users\pc\OneDrive\Documents\Project Intelligence Hub\dashboard.py","5475","5472-5483","\.csv","""rfi"": [""09- rfi_status.csv"", ""08- rfi_status.csv""],"
"3","Generated report or output format","dashboard.py","C:\Users\pc\OneDrive\Documents\Project Intelligence Hub\dashboard.py","5476","5473-5484","\.csv","""samco"": [""10- contractor_steel_supplied_at_site.csv"", ""10- samco_steel_supplied_at_site.csv"", ""09- samco_steel_supplied_at_site.csv""],"
"3","Generated report or output format","dashboard.py","C:\Users\pc\OneDrive\Documents\Project Intelligence Hub\dashboard.py","5477","5474-5485","\.csv","""concurrency"": [""11-concurrency_matrix_template.updated.csv"", ""11-concurrency_matrix_template.csv"", ""07-concurrency_matrix_template.csv""],"
"3","Generated report or output format","dashboard.py","C:\Users\pc\OneDrive\Documents\Project Intelligence Hub\dashboard.py","5665","5662-5673","\.xlsx; \.xls","if suffix in {"".xlsx"", "".xlsm"", "".xls""}:"
"3","Generated report or output format","dashboard.py","C:\Users\pc\OneDrive\Documents\Project Intelligence Hub\dashboard.py","5690","5687-5698","\.csv","""schedule_df"": filter_active_project(steel_tia_load_csv_or_empty(BL_FIXED_DIR / ""BL Schedule.csv"")),"
"3","Generated report or output format","dashboard.py","C:\Users\pc\OneDrive\Documents\Project Intelligence Hub\dashboard.py","5691","5688-5699","\.csv","""float_df"": filter_active_project(steel_tia_load_csv_or_empty(BL_FIXED_DIR / ""BL float bath.csv"")),"
"3","Generated report or output format","dashboard.py","C:\Users\pc\OneDrive\Documents\Project Intelligence Hub\dashboard.py","5692","5689-5700","\.csv","""longest_df"": filter_active_project(steel_tia_load_csv_or_empty(BL_FIXED_DIR / ""Bl Longest bath.csv"")),"
"3","Generated report or output format","dashboard.py","C:\Users\pc\OneDrive\Documents\Project Intelligence Hub\dashboard.py","5693","5690-5701","\.csv","""critical_df"": filter_active_project(steel_tia_load_csv_or_empty(BL_FIXED_DIR / ""BL critical path.csv"")),"
"3","Generated report or output format","dashboard.py","C:\Users\pc\OneDrive\Documents\Project Intelligence Hub\dashboard.py","5694","5691-5702","\.csv","""mep_df"": filter_active_project(steel_tia_load_csv_or_empty(BL_FIXED_DIR / ""MEP Activities.csv"")),"
"3","Generated report or output format","dashboard.py","C:\Users\pc\OneDrive\Documents\Project Intelligence Hub\dashboard.py","5695","5692-5703","\.csv","""mep_schedule_df"": filter_active_project(steel_tia_load_csv_or_empty(BL_FIXED_DIR / ""MEP Schedule.csv"")),"
"3","Generated report or output format","dashboard.py","C:\Users\pc\OneDrive\Documents\Project Intelligence Hub\dashboard.py","5696","5693-5704","\.csv","""mep_civil_logic_df"": filter_active_project(steel_tia_load_csv_or_empty(BL_FIXED_DIR / ""MEP Civil Logic.csv"")),"
"3","Generated report or output format","dashboard.py","C:\Users\pc\OneDrive\Documents\Project Intelligence Hub\dashboard.py","5891","5888-5899","\.csv","STEEL_TIA_DIR / ""09- rfi_status.csv"","
"3","Generated report or output format","dashboard.py","C:\Users\pc\OneDrive\Documents\Project Intelligence Hub\dashboard.py","5894","5891-5902","\.csv","""ifc_local_df"": steel_tia_load_first_csv_or_empty([STEEL_TIA_DIR / ""07- ifc_conflict.csv"", STEEL_TIA_DIR / ""06- ifc_conflict.csv""]),"
"3","Generated report or output format","dashboard.py","C:\Users\pc\OneDrive\Documents\Project Intelligence Hub\dashboard.py","5909","5906-5917","\.csv","scoped_tia_dir = project_scoped_file(STEEL_TIA_DIR / ""01-project_metadata_template.csv"").parent"
"3","Generated report or output format","dashboard.py","C:\Users\pc\OneDrive\Documents\Project Intelligence Hub\dashboard.py","5911","5908-5919","\.csv","for path in sorted(scoped_tia_dir.glob(""*.csv"")):"
"3","Generated report or output format","dashboard.py","C:\Users\pc\OneDrive\Documents\Project Intelligence Hub\dashboard.py","5970","5967-5978","\.csv","""steel_delay_tia_templates/11-concurrency_matrix_template.updated.csv"","
"3","Generated report or output format","dashboard.py","C:\Users\pc\OneDrive\Documents\Project Intelligence Hub\dashboard.py","5971","5968-5979","\.csv","""steel_delay_tia_templates/11-concurrency_matrix_template.csv"","
"3","Generated report or output format","dashboard.py","C:\Users\pc\OneDrive\Documents\Project Intelligence Hub\dashboard.py","5976","5973-5984","\.csv","rfi_claim_df = frames.get(""steel_delay_tia_templates/09- rfi_status.csv"", pd.DataFrame())"
"3","Generated report or output format","dashboard.py","C:\Users\pc\OneDrive\Documents\Project Intelligence Hub\dashboard.py","5977","5974-5985","\.csv","events_df = frames.get(""steel_delay_tia_templates/07- ifc_conflict.csv"", pd.DataFrame())"
"3","Generated report or output format","dashboard.py","C:\Users\pc\OneDrive\Documents\Project Intelligence Hub\dashboard.py","5979","5976-5987","\.csv","evidence_df = frames.get(""steel_delay_tia_templates/06- contract_library.csv"", pd.DataFrame())"
"3","Generated report or output format","dashboard.py","C:\Users\pc\OneDrive\Documents\Project Intelligence Hub\dashboard.py","5984","5981-5992","\.csv","""steel_delay_tia_templates/03- employer_steel_supply_at_site.csv"","
"3","Generated report or output format","dashboard.py","C:\Users\pc\OneDrive\Documents\Project Intelligence Hub\dashboard.py","5985","5982-5993","\.csv","""steel_delay_tia_templates/03- employer_steel_supply.csv"","
"3","Generated report or output format","dashboard.py","C:\Users\pc\OneDrive\Documents\Project Intelligence Hub\dashboard.py","5986","5983-5994","\.csv","""steel_delay_tia_templates/02- employer_steel_supply.csv"","
"3","Generated report or output format","dashboard.py","C:\Users\pc\OneDrive\Documents\Project Intelligence Hub\dashboard.py","5992","5989-6000","\.csv","""steel_delay_tia_templates/10- contractor_steel_supplied_at_site.csv"","
"3","Generated report or output format","dashboard.py","C:\Users\pc\OneDrive\Documents\Project Intelligence Hub\dashboard.py","5993","5990-6001","\.csv","""steel_delay_tia_templates/10- samco_steel_supplied_at_site.csv"","
"3","Generated report or output format","dashboard.py","C:\Users\pc\OneDrive\Documents\Project Intelligence Hub\dashboard.py","5994","5991-6002","\.csv","""steel_delay_tia_templates/09- samco_steel_supplied_at_site.csv"","
"3","Generated report or output format","dashboard.py","C:\Users\pc\OneDrive\Documents\Project Intelligence Hub\dashboard.py","6069","6066-6077","\.csv","""steel_delay_tia_templates/11-concurrency_matrix_template.updated.csv"","
"3","Generated report or output format","dashboard.py","C:\Users\pc\OneDrive\Documents\Project Intelligence Hub\dashboard.py","6070","6067-6078","\.csv","""steel_delay_tia_templates/11-concurrency_matrix_template.csv"","
"3","Generated report or output format","dashboard.py","C:\Users\pc\OneDrive\Documents\Project Intelligence Hub\dashboard.py","6088","6085-6096","\.csv","for key in [""steel_delay_tia_templates/09- rfi_status.csv""]:"
"3","Generated report or output format","dashboard.py","C:\Users\pc\OneDrive\Documents\Project Intelligence Hub\dashboard.py","6103","6100-6111","\.csv","""steel_delay_tia_templates/11-concurrency_matrix_template.updated.csv"","
"3","Generated report or output format","dashboard.py","C:\Users\pc\OneDrive\Documents\Project Intelligence Hub\dashboard.py","6104","6101-6112","\.csv","""steel_delay_tia_templates/11-concurrency_matrix_template.csv"","
"3","Generated report or output format","dashboard.py","C:\Users\pc\OneDrive\Documents\Project Intelligence Hub\dashboard.py","6117","6114-6125","\.csv","for key in [""steel_delay_tia_templates/06- contract_library.csv"", ""steel_delay_tia_templates/09- rfi_status.csv"", ""steel_delay_tia_templates/07- ifc_conflict.csv""]:"
"3","Generated report or output format","dashboard.py","C:\Users\pc\OneDrive\Documents\Project Intelligence Hub\dashboard.py","6319","6316-6327","\.csv","""Basis"": f""Fallback from 02- master_activity_steel_analysis.csv column `{delay_col}` because no fragnet recommendation row was available for this activity."","
"3","Generated report or output format","dashboard.py","C:\Users\pc\OneDrive\Documents\Project Intelligence Hub\dashboard.py","6349","6346-6357","\.csv","""Basis"": ""RFI Delay.csv field `delay beyond 10d` plus activity linkage from the detailed RFI delay register."","
"3","Generated report or output format","dashboard.py","C:\Users\pc\OneDrive\Documents\Project Intelligence Hub\dashboard.py","6379","6376-6387","\.csv","""Basis"": ""07- ifc_conflict.csv current template using Activity ID, Re-Start/Finish.1, and Delayed days."","
"3","Generated report or output format","dashboard.py","C:\Users\pc\OneDrive\Documents\Project Intelligence Hub\dashboard.py","6415","6412-6423","\.csv","""Basis"": ""07- ifc_conflict.csv `Var = -37` and the 24-Mar-26 to 30-Apr-26 consolidated revision cycle, applied to B01 foundation as instructed."","
"3","Generated report or output format","dashboard.py","C:\Users\pc\OneDrive\Documents\Project Intelligence Hub\dashboard.py","6629","6626-6637","\.csv","""Uploaded 07-concurrency_matrix_template.csv: """
"3","Generated report or output format","dashboard.py","C:\Users\pc\OneDrive\Documents\Project Intelligence Hub\dashboard.py","6899","6896-6907","\.csv","""02- master_activity_steel_analysis.csv"","
"3","Generated report or output format","dashboard.py","C:\Users\pc\OneDrive\Documents\Project Intelligence Hub\dashboard.py","6900","6897-6908","\.csv","""03- employer_steel_supply_at_site.csv"","
"3","Generated report or output format","dashboard.py","C:\Users\pc\OneDrive\Documents\Project Intelligence Hub\dashboard.py","6902","6899-6910","\.csv","""05- relationship_file.csv"","
"3","Generated report or output format","dashboard.py","C:\Users\pc\OneDrive\Documents\Project Intelligence Hub\dashboard.py","8117","8114-8125","\.html; \.htm","st.components.v1.html("
"3","Generated report or output format","dashboard.py","C:\Users\pc\OneDrive\Documents\Project Intelligence Hub\dashboard.py","8192","8189-8200","\.csv","st.info(""No critical path activities flagged in activities.csv."")"
"3","Generated report or output format","dashboard.py","C:\Users\pc\OneDrive\Documents\Project Intelligence Hub\dashboard.py","8214","8211-8222","\.csv","st.info(""No RFT activities found in activities.csv."")"
"3","Generated report or output format","dashboard.py","C:\Users\pc\OneDrive\Documents\Project Intelligence Hub\dashboard.py","8234","8231-8242","\.csv","st.info(f""{target_code} was not found in wbs.csv."")"
"3","Generated report or output format","dashboard.py","C:\Users\pc\OneDrive\Documents\Project Intelligence Hub\dashboard.py","8514","8511-8522","\.html; \.htm","file_name=""earned_value_analysis.html"","
"3","Generated report or output format","dashboard.py","C:\Users\pc\OneDrive\Documents\Project Intelligence Hub\dashboard.py","8521","8518-8529","pptx; \.pptx","file_name=""earned_value_analysis.pptx"","
"3","Generated report or output format","dashboard.py","C:\Users\pc\OneDrive\Documents\Project Intelligence Hub\dashboard.py","8526","8523-8534","\.html; \.htm","st.components.v1.html(evm_html, height=1200, scrolling=True)"
"3","Generated report or output format","dashboard.py","C:\Users\pc\OneDrive\Documents\Project Intelligence Hub\dashboard.py","8834","8831-8842","\.csv","""label"": ""01-project_metadata_template.csv"","
"3","Generated report or output format","dashboard.py","C:\Users\pc\OneDrive\Documents\Project Intelligence Hub\dashboard.py","8841","8838-8849","\.csv","""label"": ""02- master_activity_steel_analysis.csv"","
"3","Generated report or output format","dashboard.py","C:\Users\pc\OneDrive\Documents\Project Intelligence Hub\dashboard.py","8848","8845-8856","\.csv","""label"": ""03- employer_steel_supply_at_site.csv"","
"3","Generated report or output format","dashboard.py","C:\Users\pc\OneDrive\Documents\Project Intelligence Hub\dashboard.py","8862","8859-8870","\.csv","""label"": ""05- relationship_file.csv"","
"3","Generated report or output format","dashboard.py","C:\Users\pc\OneDrive\Documents\Project Intelligence Hub\dashboard.py","8869","8866-8877","\.csv","""label"": ""06- contract_library.csv"","
"3","Generated report or output format","dashboard.py","C:\Users\pc\OneDrive\Documents\Project Intelligence Hub\dashboard.py","8876","8873-8884","\.csv","""label"": ""07- ifc_conflict.csv"","
"3","Generated report or output format","dashboard.py","C:\Users\pc\OneDrive\Documents\Project Intelligence Hub\dashboard.py","8883","8880-8891","\.csv","""label"": ""08- payments.csv"","
"3","Generated report or output format","dashboard.py","C:\Users\pc\OneDrive\Documents\Project Intelligence Hub\dashboard.py","8890","8887-8898","\.csv","""label"": ""09- rfi_status.csv"","
"3","Generated report or output format","dashboard.py","C:\Users\pc\OneDrive\Documents\Project Intelligence Hub\dashboard.py","8897","8894-8905","\.csv","""label"": ""10- contractor_steel_supplied_at_site.csv"","
"3","Generated report or output format","dashboard.py","C:\Users\pc\OneDrive\Documents\Project Intelligence Hub\dashboard.py","8904","8901-8912","\.csv","""label"": ""11-concurrency_matrix_template.updated.csv"","
"3","Generated report or output format","dashboard.py","C:\Users\pc\OneDrive\Documents\Project Intelligence Hub\dashboard.py","8990","8987-8998","\.csv","""Automatic BL Source"": ""BL Schedule.csv"","
"3","Generated report or output format","dashboard.py","C:\Users\pc\OneDrive\Documents\Project Intelligence Hub\dashboard.py","8995","8992-9003","\.csv","""Automatic BL Source"": ""BL float bath.csv"","
"3","Generated report or output format","dashboard.py","C:\Users\pc\OneDrive\Documents\Project Intelligence Hub\dashboard.py","9000","8997-9008","\.csv","""Automatic BL Source"": ""Bl Longest bath.csv"","
"3","Generated report or output format","dashboard.py","C:\Users\pc\OneDrive\Documents\Project Intelligence Hub\dashboard.py","9005","9002-9013","\.csv","""Automatic BL Source"": ""BL critical path.csv"","
"3","Generated report or output format","dashboard.py","C:\Users\pc\OneDrive\Documents\Project Intelligence Hub\dashboard.py","9167","9164-9175","\.csv","""This slide reads the selected project's `03-schedule/MEP Activities.csv`. """
"3","Generated report or output format","dashboard.py","C:\Users\pc\OneDrive\Documents\Project Intelligence Hub\dashboard.py","9176","9173-9184","\.csv","st.warning(""No MEP activity records were found in the selected project's `03-schedule/MEP Activities.csv`."")"
"3","Generated report or output format","dashboard.py","C:\Users\pc\OneDrive\Documents\Project Intelligence Hub\dashboard.py","9241","9238-9249","\.csv","st.info(""No derived MEP schedule rows were found in the selected project's `03-schedule/MEP Schedule.csv`."")"
"3","Generated report or output format","dashboard.py","C:\Users\pc\OneDrive\Documents\Project Intelligence Hub\dashboard.py","9280","9277-9288","\.csv","st.info(""No derived civil predecessor/successor rows were found in the selected project's `03-schedule/MEP Civil Logic.csv`."")"
"3","Generated report or output format","dashboard.py","C:\Users\pc\OneDrive\Documents\Project Intelligence Hub\dashboard.py","9328","9325-9336","\.xlsx; \.xls","file_name=""MEP_schedule_pack.xlsx"","
"3","Generated report or output format","dashboard.py","C:\Users\pc\OneDrive\Documents\Project Intelligence Hub\dashboard.py","9490","9487-9498","\.csv; report","{""Priority"": 1, ""File / Source"": ""01-project_metadata_template.csv"", ""Why it matters"": ""Sets project identity, data date, baseline/update context, parties, and report metadata.""},"
"3","Generated report or output format","dashboard.py","C:\Users\pc\OneDrive\Documents\Project Intelligence Hub\dashboard.py","9491","9488-9499","\.csv","{""Priority"": 2, ""File / Source"": ""02- master_activity_steel_analysis.csv"", ""Why it matters"": ""Primary activity-level RFT demand, steel availability gap, delayed duration, responsibility, and readiness proof.""},"
"3","Generated report or output format","dashboard.py","C:\Users\pc\OneDrive\Documents\Project Intelligence Hub\dashboard.py","9492","9489-9500","\.csv","{""Priority"": 3, ""File / Source"": ""03- employer_steel_supply_at_site.csv"", ""Why it matters"": ""Employer-only steel delivery timeline used for stock-out, usable supply, and recovery windows.""},"
"3","Generated report or output format","dashboard.py","C:\Users\pc\OneDrive\Documents\Project Intelligence Hub\dashboard.py","9494","9491-9502","\.csv","{""Priority"": 5, ""File / Source"": ""05- relationship_file.csv"", ""Why it matters"": ""Predecessor/successor logic, relationship type, lag, causal chain, and fragnet insertion position.""},"
"3","Generated report or output format","dashboard.py","C:\Users\pc\OneDrive\Documents\Project Intelligence Hub\dashboard.py","9495","9492-9503","\.csv","{""Priority"": 6, ""File / Source"": ""06- contract_library.csv"", ""Why it matters"": ""Entitlement, notice/time-bar, money/schedule impact, leverage, and required evidence.""},"
"3","Generated report or output format","dashboard.py","C:\Users\pc\OneDrive\Documents\Project Intelligence Hub\dashboard.py","9496","9493-9504","\.csv","{""Priority"": 7, ""File / Source"": ""07- ifc_conflict.csv / 09- rfi_status.csv"", ""Why it matters"": ""Design, approval, RFI, and mechanical coordination event streams linked to affected activities.""},"
"3","Generated report or output format","dashboard.py","C:\Users\pc\OneDrive\Documents\Project Intelligence Hub\dashboard.py","9497","9494-9505","\.csv","{""Priority"": 8, ""File / Source"": ""08- payments.csv"", ""Why it matters"": ""Commercial support stream; schedule-driving only when progress/resource linkage is proven.""},"
"3","Generated report or output format","dashboard.py","C:\Users\pc\OneDrive\Documents\Project Intelligence Hub\dashboard.py","9498","9495-9506","\.csv","{""Priority"": 9, ""File / Source"": ""10- contractor_steel_supplied_at_site.csv"", ""Why it matters"": ""Contractor mitigation/alternative supply visibility only; not employer entitlement proof by itself.""},"
"3","Generated report or output format","dashboard.py","C:\Users\pc\OneDrive\Documents\Project Intelligence Hub\dashboard.py","9499","9496-9507","\.csv","{""Priority"": 10, ""File / Source"": ""11-concurrency_matrix_template.updated.csv"", ""Why it matters"": ""Overlap, BL/current critical path, float, and concurrent delay checks to separate EOT from compensation.""},"
"3","Generated report or output format","dashboard.py","C:\Users\pc\OneDrive\Documents\Project Intelligence Hub\dashboard.py","9508","9505-9516","\.csv","- `02- master_activity_steel_analysis.csv` is the **primary master activity steel file**"
"3","Generated report or output format","dashboard.py","C:\Users\pc\OneDrive\Documents\Project Intelligence Hub\dashboard.py","9509","9506-9517","\.csv","- `03- employer_steel_supply_at_site.csv` stays an **Employer delivery event file**"
"3","Generated report or output format","dashboard.py","C:\Users\pc\OneDrive\Documents\Project Intelligence Hub\dashboard.py","9510","9507-9518","\.csv","- `05- relationship_file.csv` stays a **logic-link file**"
"3","Generated report or output format","dashboard.py","C:\Users\pc\OneDrive\Documents\Project Intelligence Hub\dashboard.py","9511","9508-9519","\.csv","- `11-concurrency_matrix_template.updated.csv` stays a **concurrency and compensability test file**"
"3","Generated report or output format","dashboard.py","C:\Users\pc\OneDrive\Documents\Project Intelligence Hub\dashboard.py","9535","9532-9543","\.csv","st.info(""No rows are available in the automatic local `BL critical path.csv` source."")"
"3","Generated report or output format","dashboard.py","C:\Users\pc\OneDrive\Documents\Project Intelligence Hub\dashboard.py","9653","9650-9661","\.xlsx; \.xls; output","file_name=""delay_tia_output_pack.xlsx"","
"3","Generated report or output format","dashboard.py","C:\Users\pc\OneDrive\Documents\Project Intelligence Hub\dashboard.py","9660","9657-9668","\.html; \.htm; report","file_name=""delay_tia_detailed_report.html"","
"3","Generated report or output format","dashboard.py","C:\Users\pc\OneDrive\Documents\Project Intelligence Hub\dashboard.py","9667","9664-9675","\.csv","file_name=""primavera_fragnet_sheet.csv"","
"3","Generated report or output format","dashboard.py","C:\Users\pc\OneDrive\Documents\Project Intelligence Hub\dashboard.py","9675","9672-9683","\.csv; report","file_name=""delay_tia_delay_report.csv"","
"3","Generated report or output format","dashboard.py","C:\Users\pc\OneDrive\Documents\Project Intelligence Hub\dashboard.py","10006","10003-10014","\.html; \.htm","st.components.v1.html(the_big_dashboard_html, height=2100, scrolling=True)"
"3","Generated report or output format","dashboard.py","C:\Users\pc\OneDrive\Documents\Project Intelligence Hub\dashboard.py","10010","10007-10018","\.html; \.htm; output","file_name=f""{output_project_slug}_executive_dashboard.html"","
"3","Generated report or output format","dashboard.py","C:\Users\pc\OneDrive\Documents\Project Intelligence Hub\dashboard.py","10029","10026-10037","pptx; \.pptx; output","file_name=f""{output_project_slug}_presentation.pptx"","
"3","Generated report or output format","dashboard.py","C:\Users\pc\OneDrive\Documents\Project Intelligence Hub\dashboard.py","10037","10034-10045","pptx; \.pptx; output","file_name=f""{output_project_slug}_presentation_print.pptx"","
"3","Generated report or output format","dashboard.py","C:\Users\pc\OneDrive\Documents\Project Intelligence Hub\dashboard.py","10180","10177-10188","\.html; \.htm","st.components.v1.html(executive_html, height=2200, scrolling=True)"
"3","Generated report or output format","dashboard.py","C:\Users\pc\OneDrive\Documents\Project Intelligence Hub\dashboard.py","10185","10182-10193","\.html; \.htm; output","file_name=f""{output_project_slug}_linked_executive_dashboard.html"","
"3","Generated report or output format","dashboard.py","C:\Users\pc\OneDrive\Documents\Project Intelligence Hub\dashboard.py","10192","10189-10200","pptx; \.pptx; output","file_name=f""{output_project_slug}_linked_executive_dashboard_landscape.pptx"","
"3","Generated report or output format","dashboard.py","C:\Users\pc\OneDrive\Documents\Project Intelligence Hub\dashboard.py","10200","10197-10208","\.html; \.htm; output","file_name=f""{output_project_slug}_linked_executive_dashboard_a3_landscape_one_page.html"","
"3","Generated report or output format","dashboard.py","C:\Users\pc\OneDrive\Documents\Project Intelligence Hub\dashboard.py","10207","10204-10215","pptx; \.pptx; output","file_name=f""{output_project_slug}_linked_executive_dashboard_a3_landscape_one_page.pptx"","
"3","Generated report or output format","dashboard.py","C:\Users\pc\OneDrive\Documents\Project Intelligence Hub\dashboard.py","10214","10211-10222","\.html; \.htm; output","file_name=f""{output_project_slug}_linked_executive_dashboard_evm_analysis.html"","
"3","Generated report or output format","dashboard.py","C:\Users\pc\OneDrive\Documents\Project Intelligence Hub\dashboard.py","10221","10218-10229","pptx; \.pptx; output","file_name=f""{output_project_slug}_linked_executive_dashboard_evm_analysis.pptx"","
"3","Generated report or output format","dashboard.py","C:\Users\pc\OneDrive\Documents\Project Intelligence Hub\dashboard.py","10226","10223-10234","\.html; \.htm","st.components.v1.html(linked_dashboard_a3_summary_html, height=1600, scrolling=True)"
"3","Generated report or output format","dashboard.py","C:\Users\pc\OneDrive\Documents\Project Intelligence Hub\dashboard.py","10276","10273-10284","\.xlsx; \.xls; report","3. Select `Detailed_Progress_Report_PowerBI_Ready.xlsx`."
"3","Generated report or output format","dashboard.py","C:\Users\pc\OneDrive\Documents\Project Intelligence Hub\dashboard.py","10332","10329-10340","\.xlsx; \.xls; output; report","file_name=f""{output_project_slug}_Detailed_Progress_Report.xlsx"","
"3","Generated report or output format","dashboard.py","C:\Users\pc\OneDrive\Documents\Project Intelligence Hub\dashboard.py","10339","10336-10347","\.html; \.htm; output; report","file_name=f""{output_project_slug}_Detailed_Progress_Report.html"","
"3","Generated report or output format","dashboard.py","C:\Users\pc\OneDrive\Documents\Project Intelligence Hub\dashboard.py","10346","10343-10354","\.docx; output; report","file_name=f""{output_project_slug}_Detailed_Progress_Report.docx"","
"3","Generated report or output format","dashboard.py","C:\Users\pc\OneDrive\Documents\Project Intelligence Hub\dashboard.py","10353","10350-10361","\.html; \.htm; output; report","file_name=f""{output_project_slug}_Detailed_Progress_Report_PowerBI_Style.html"","
"3","Generated report or output format","dashboard.py","C:\Users\pc\OneDrive\Documents\Project Intelligence Hub\dashboard.py","10923","10920-10931","\.xlsx; \.xls","file_name=""contract_claims_library.xlsx"","
"3","Generated report or output format","dashboard.py","C:\Users\pc\OneDrive\Documents\Project Intelligence Hub\dashboard.py","10939","10936-10947","\.csv","file_name=""contract_evidence_matrix.csv"","
"3","Generated report or output format","dashboard.py","C:\Users\pc\OneDrive\Documents\Project Intelligence Hub\dashboard.py","10949","10946-10957","\.docx","file_name=""contract_claim_draft.docx"","
"3","Generated report or output format","dashboard.py","C:\Users\pc\OneDrive\Documents\Project Intelligence Hub\dashboard.py","10957","10954-10965","\.pdf","file_name=""contract_claim_summary.pdf"","
"3","Generated report or output format","dashboard.py","C:\Users\pc\OneDrive\Documents\Project Intelligence Hub\dashboard.py","10965","10962-10973","\.html; \.htm; report","file_name=""contract_claims_report.html"","
"3","Generated report or output format","data_lineage.json","C:\Users\pc\OneDrive\Documents\Project Intelligence Hub\data_lineage.json","28","25-36","\.csv","""source_file"": ""projects.csv, activities.csv, evm.csv, risks.csv, milestones.csv + project_manifest.json"","
"3","Generated report or output format","data_lineage.json","C:\Users\pc\OneDrive\Documents\Project Intelligence Hub\data_lineage.json","47","44-55","\.csv","""source_file"": ""project_manifest.json + projects.csv"","
"3","Generated report or output format","data_lineage.json","C:\Users\pc\OneDrive\Documents\Project Intelligence Hub\data_lineage.json","66","63-74","\.csv","""source_file"": ""projects.csv, evm.csv, risks.csv, milestones.csv"","
"3","Generated report or output format","data_lineage.json","C:\Users\pc\OneDrive\Documents\Project Intelligence Hub\data_lineage.json","85","82-93","\.csv","""source_file"": ""projects.csv, evm.csv, risks.csv, milestones.csv"","
"3","Generated report or output format","data_lineage.json","C:\Users\pc\OneDrive\Documents\Project Intelligence Hub\data_lineage.json","104","101-112","\.csv","""source_file"": ""projects.csv + project_manifest.json"","
"3","Generated report or output format","data_lineage.json","C:\Users\pc\OneDrive\Documents\Project Intelligence Hub\data_lineage.json","123","120-131","\.csv","""source_file"": ""projects.csv"","
"3","Generated report or output format","data_lineage.json","C:\Users\pc\OneDrive\Documents\Project Intelligence Hub\data_lineage.json","142","139-150","\.csv","""source_file"": ""projects.csv"","
"3","Generated report or output format","data_lineage.json","C:\Users\pc\OneDrive\Documents\Project Intelligence Hub\data_lineage.json","161","158-169","\.csv","""source_file"": ""projects.csv"","
"3","Generated report or output format","data_lineage.json","C:\Users\pc\OneDrive\Documents\Project Intelligence Hub\data_lineage.json","180","177-188","\.csv","""source_file"": ""activities.csv"","
"3","Generated report or output format","data_lineage.json","C:\Users\pc\OneDrive\Documents\Project Intelligence Hub\data_lineage.json","199","196-207","\.xlsx; \.xls","""source_file"": ""letters_intelligence.xlsx"","
"3","Generated report or output format","data_lineage.json","C:\Users\pc\OneDrive\Documents\Project Intelligence Hub\data_lineage.json","218","215-226","\.csv","""source_file"": ""wbs.csv"","
"3","Generated report or output format","data_lineage.json","C:\Users\pc\OneDrive\Documents\Project Intelligence Hub\data_lineage.json","237","234-245","\.csv","""source_file"": ""activities.csv"","
"3","Generated report or output format","data_lineage.json","C:\Users\pc\OneDrive\Documents\Project Intelligence Hub\data_lineage.json","256","253-264","\.csv","""source_file"": ""milestones.csv"","
"3","Generated report or output format","data_lineage.json","C:\Users\pc\OneDrive\Documents\Project Intelligence Hub\data_lineage.json","275","272-283","\.csv","""source_file"": ""change_orders.csv"","
"3","Generated report or output format","data_lineage.json","C:\Users\pc\OneDrive\Documents\Project Intelligence Hub\data_lineage.json","294","291-302","\.csv","""source_file"": ""s_curve.csv"","
"3","Generated report or output format","data_lineage.json","C:\Users\pc\OneDrive\Documents\Project Intelligence Hub\data_lineage.json","313","310-321","\.csv","""source_file"": ""evm.csv"","
"3","Generated report or output format","data_lineage.json","C:\Users\pc\OneDrive\Documents\Project Intelligence Hub\data_lineage.json","332","329-340","\.csv","""source_file"": ""contracts.csv + payments.csv"","
"3","Generated report or output format","data_lineage.json","C:\Users\pc\OneDrive\Documents\Project Intelligence Hub\data_lineage.json","351","348-359","\.xlsx; \.xls","""source_file"": ""letters_intelligence.xlsx + inbox"","
"3","Generated report or output format","data_lineage.json","C:\Users\pc\OneDrive\Documents\Project Intelligence Hub\data_lineage.json","370","367-378","\.csv","""source_file"": ""risks.csv + ifc_conflict.csv + rfi_ status.csv"","
"3","Generated report or output format","data_lineage.json","C:\Users\pc\OneDrive\Documents\Project Intelligence Hub\data_lineage.json","427","424-435","\.csv","""source_file"": ""MEP Activities.csv + MEP Schedule.csv + MEP Civil Logic.csv"","
"3","Generated report or output format","data_lineage.json","C:\Users\pc\OneDrive\Documents\Project Intelligence Hub\data_lineage.json","503","500-511","\.csv","""source_file"": ""06- contract_library.csv"","
"3","Generated report or output format","data_lineage.json","C:\Users\pc\OneDrive\Documents\Project Intelligence Hub\data_lineage.json","541","538-549","\.csv","""source_file"": ""projects.csv, activities.csv, evm.csv, contracts.csv, payments.csv, risks.csv, milestones.csv, s_curve.csv"","
"3","Generated report or output format","data_lineage.json","C:\Users\pc\OneDrive\Documents\Project Intelligence Hub\data_lineage.json","598","595-606","\.png","""source_file"": ""logo.png + project identity templates"","
"3","Generated report or output format","dr.ps1","C:\Users\pc\OneDrive\Documents\Project Intelligence Hub\dr.ps1","16","13-24","report_generator; \.csv; output; report","$CsvFile = Join-Path $OutputFolder ""Report_Generator_Line_Map.csv"""
"3","Generated report or output format","dr.ps1","C:\Users\pc\OneDrive\Documents\Project Intelligence Hub\dr.ps1","21","18-29","\.html; \.htm",""".ps1"", "".html"", "".htm"", "".json"","
"3","Generated report or output format","dr.ps1","C:\Users\pc\OneDrive\Documents\Project Intelligence Hub\dr.ps1","70","67-78","\.pdf","""\.pdf"","
"3","Generated report or output format","dr.ps1","C:\Users\pc\OneDrive\Documents\Project Intelligence Hub\dr.ps1","71","68-79","\.docx","""\.docx"","
"3","Generated report or output format","dr.ps1","C:\Users\pc\OneDrive\Documents\Project Intelligence Hub\dr.ps1","72","69-80","\.xlsx; \.xls","""\.xlsx"","
"3","Generated report or output format","dr.ps1","C:\Users\pc\OneDrive\Documents\Project Intelligence Hub\dr.ps1","73","70-81","\.xls","""\.xls"","
"3","Generated report or output format","dr.ps1","C:\Users\pc\OneDrive\Documents\Project Intelligence Hub\dr.ps1","74","71-82","pptx; \.pptx","""\.pptx"","
"3","Generated report or output format","dr.ps1","C:\Users\pc\OneDrive\Documents\Project Intelligence Hub\dr.ps1","75","72-83","\.html; \.htm","""\.html"","
"3","Generated report or output format","dr.ps1","C:\Users\pc\OneDrive\Documents\Project Intelligence Hub\dr.ps1","76","73-84","\.htm","""\.htm"","
"3","Generated report or output format","dr.ps1","C:\Users\pc\OneDrive\Documents\Project Intelligence Hub\dr.ps1","77","74-85","\.csv","""\.csv"","
"3","Generated report or output format","dr.ps1","C:\Users\pc\OneDrive\Documents\Project Intelligence Hub\dr.ps1","78","75-86","\.svg","""\.svg"","
"3","Generated report or output format","dr.ps1","C:\Users\pc\OneDrive\Documents\Project Intelligence Hub\dr.ps1","79","76-87","\.png","""\.png"","
"3","Generated report or output format","dr.ps1","C:\Users\pc\OneDrive\Documents\Project Intelligence Hub\dr.ps1","80","77-88","\.jpg","""\.jpg"","
"3","Generated report or output format","dr.ps1","C:\Users\pc\OneDrive\Documents\Project Intelligence Hub\dr.ps1","81","78-89","\.jpeg","""\.jpeg"","
"3","Possible report reference","PROJECT_DOCTOR.ps1","C:\Users\pc\OneDrive\Documents\Project Intelligence Hub\PROJECT_DOCTOR.ps1","14","11-22","output","function Add-CommandOutput {"
"3","Generated report or output format","projects\_PROJECT_TEMPLATE\08-branding\report_branding_template.json","C:\Users\pc\OneDrive\Documents\Project Intelligence Hub\projects\_PROJECT_TEMPLATE\08-branding\report_branding_template.json","4","1-5","\.png","""logo_file"": ""logo.png"""
"3","Generated report or output format","projects\Bridges\LMD-Bridgs\08-branding\report_branding_template.json","C:\Users\pc\OneDrive\Documents\Project Intelligence Hub\projects\Bridges\LMD-Bridgs\08-branding\report_branding_template.json","4","1-5","\.png","""logo_file"": ""logo.png"""
"3","Generated report or output format","projects\Buildings\Sophia-Mall\08-branding\report_branding_template.json","C:\Users\pc\OneDrive\Documents\Project Intelligence Hub\projects\Buildings\Sophia-Mall\08-branding\report_branding_template.json","4","1-5","\.png","""logo_file"": ""logo.png"""
"3","Generated report or output format","projects\Buildings\The BIG - PH01\08-branding\report_branding_template.json","C:\Users\pc\OneDrive\Documents\Project Intelligence Hub\projects\Buildings\The BIG - PH01\08-branding\report_branding_template.json","4","1-5","\.png","""logo_file"": ""logo.png"""
"3","Generated report or output format","projects\Tunnels\Suez-Tunnel\08-branding\report_branding_template.json","C:\Users\pc\OneDrive\Documents\Project Intelligence Hub\projects\Tunnels\Suez-Tunnel\08-branding\report_branding_template.json","4","1-5","\.png","""logo_file"": ""logo.png"""
"3","Generated report or output format","reports\tia_director_pack_generator.py","C:\Users\pc\OneDrive\Documents\Project Intelligence Hub\reports\tia_director_pack_generator.py","36","33-44","\.docx; report","DEFAULT_TEMPLATE_PATH = APP_DIR / ""reports"" / ""templates"" / ""time_impact_analysis_report_director_pack.docx"""
"3","Possible report reference","reports\tia_director_pack_generator.py","C:\Users\pc\OneDrive\Documents\Project Intelligence Hub\reports\tia_director_pack_generator.py","268","265-276","output","def __init__(self, template_path: Path, output_dir: Path, db_path: Path | None = None):"
"3","Generated report or output format","reports\tia_director_pack_generator.py","C:\Users\pc\OneDrive\Documents\Project Intelligence Hub\reports\tia_director_pack_generator.py","393","390-401","\.docx","file_name = f""TIA_Director_Pack_{project_name}_{data_date}_{revision}.docx"""
"3","Possible report reference","reports\tia_director_pack_generator.py","C:\Users\pc\OneDrive\Documents\Project Intelligence Hub\reports\tia_director_pack_generator.py","398","395-406","output","def _log_generation(self, context: dict, output_path: Path) -> None:"
"3","Generated report or output format","scripts\build_delay_tia_question_preview.py","C:\Users\pc\OneDrive\Documents\Project Intelligence Hub\scripts\build_delay_tia_question_preview.py","16","13-24","\.html; \.htm","OUT_FILE = OUT_DIR / ""question_preview.html"""
"3","Generated report or output format","scripts\build_delay_tia_question_preview.py","C:\Users\pc\OneDrive\Documents\Project Intelligence Hub\scripts\build_delay_tia_question_preview.py","33","30-41","\.csv","for path in sorted(folder.glob(""*.csv"")):"
"3","Generated report or output format","scripts\build_delay_tia_question_preview.py","C:\Users\pc\OneDrive\Documents\Project Intelligence Hub\scripts\build_delay_tia_question_preview.py","59","56-67","\.csv","claimed_df = frames.get(""Delay tia improvement files/05-claimed_delay_register_template.csv"", pd.DataFrame())"
"3","Generated report or output format","scripts\build_delay_tia_question_preview.py","C:\Users\pc\OneDrive\Documents\Project Intelligence Hub\scripts\build_delay_tia_question_preview.py","60","57-68","\.csv","fragnet_df = frames.get(""Delay tia improvement files/04-fragnet_logic_register_template.csv"", pd.DataFrame())"
"3","Generated report or output format","scripts\build_delay_tia_question_preview.py","C:\Users\pc\OneDrive\Documents\Project Intelligence Hub\scripts\build_delay_tia_question_preview.py","62","59-70","\.csv","""steel_delay_tia_templates/11-concurrency_matrix_template.updated.csv"","
"3","Generated report or output format","scripts\build_delay_tia_question_preview.py","C:\Users\pc\OneDrive\Documents\Project Intelligence Hub\scripts\build_delay_tia_question_preview.py","63","60-71","\.csv","frames.get(""Delay tia improvement files/07-concurrency_matrix_template.csv"", pd.DataFrame()),"
"3","Generated report or output format","scripts\build_delay_tia_question_preview.py","C:\Users\pc\OneDrive\Documents\Project Intelligence Hub\scripts\build_delay_tia_question_preview.py","65","62-73","\.csv","rfi_df = frames.get(""Delay tia improvement files/18-rfi_delay_claim6_normalized.csv"", pd.DataFrame())"
"3","Generated report or output format","scripts\build_delay_tia_question_preview.py","C:\Users\pc\OneDrive\Documents\Project Intelligence Hub\scripts\build_delay_tia_question_preview.py","66","63-74","\.csv","events_df = frames.get(""Delay tia improvement files/02-delay_event_register_template.csv"", pd.DataFrame())"
"3","Generated report or output format","scripts\build_delay_tia_question_preview.py","C:\Users\pc\OneDrive\Documents\Project Intelligence Hub\scripts\build_delay_tia_question_preview.py","67","64-75","\.csv","evidence_df = frames.get(""Delay tia improvement files/08-evidence_register_template.csv"", pd.DataFrame())"
"3","Generated report or output format","scripts\build_delay_tia_question_preview.py","C:\Users\pc\OneDrive\Documents\Project Intelligence Hub\scripts\build_delay_tia_question_preview.py","70","67-78","\.csv","""steel_delay_tia_templates/03- employer_steel_supply_at_site.csv"","
"3","Generated report or output format","scripts\build_delay_tia_question_preview.py","C:\Users\pc\OneDrive\Documents\Project Intelligence Hub\scripts\build_delay_tia_question_preview.py","71","68-79","\.csv","frames.get(""steel_delay_tia_templates/03- employer_steel_supply.csv"", pd.DataFrame()),"
"3","Generated report or output format","scripts\build_delay_tia_question_preview.py","C:\Users\pc\OneDrive\Documents\Project Intelligence Hub\scripts\build_delay_tia_question_preview.py","74","71-82","\.csv","""steel_delay_tia_templates/10- contractor_steel_supplied_at_site.csv"","
"3","Generated report or output format","scripts\build_delay_tia_question_preview.py","C:\Users\pc\OneDrive\Documents\Project Intelligence Hub\scripts\build_delay_tia_question_preview.py","75","72-83","\.csv","frames.get(""steel_delay_tia_templates/10- samco_steel_supplied_at_site.csv"", pd.DataFrame()),"
"3","Generated report or output format","scripts\build_delay_tia_question_preview.py","C:\Users\pc\OneDrive\Documents\Project Intelligence Hub\scripts\build_delay_tia_question_preview.py","137","134-145","\.csv","claimed = frames.get(""Delay tia improvement files/05-claimed_delay_register_template.csv"", pd.DataFrame())"
"3","Generated report or output format","scripts\build_delay_tia_question_preview.py","C:\Users\pc\OneDrive\Documents\Project Intelligence Hub\scripts\build_delay_tia_question_preview.py","138","135-146","\.csv","fragnet = frames.get(""Delay tia improvement files/04-fragnet_logic_register_template.csv"", pd.DataFrame())"
"3","Generated report or output format","scripts\build_delay_tia_question_preview.py","C:\Users\pc\OneDrive\Documents\Project Intelligence Hub\scripts\build_delay_tia_question_preview.py","140","137-148","\.csv","""steel_delay_tia_templates/11-concurrency_matrix_template.updated.csv"","
"3","Generated report or output format","scripts\build_delay_tia_question_preview.py","C:\Users\pc\OneDrive\Documents\Project Intelligence Hub\scripts\build_delay_tia_question_preview.py","141","138-149","\.csv","frames.get(""Delay tia improvement files/07-concurrency_matrix_template.csv"", pd.DataFrame()),"
"3","Generated report or output format","scripts\evaluate_contract_letters.py","C:\Users\pc\OneDrive\Documents\Project Intelligence Hub\scripts\evaluate_contract_letters.py","27","24-35","\.docx","DEFAULT_METHODOLOGY = PROJECT_DIR / ""delay_analysis"" / ""methodology"" / ""TIA methodology.docx"""
"3","Generated report or output format","scripts\evaluate_contract_letters.py","C:\Users\pc\OneDrive\Documents\Project Intelligence Hub\scripts\evaluate_contract_letters.py","29","26-37","\.pdf","OVERALL_CONTRACT_PDF = CONTRACTS_DIR / ""Overall Contract.pdf"""
"3","Generated report or output format","scripts\evaluate_contract_letters.py","C:\Users\pc\OneDrive\Documents\Project Intelligence Hub\scripts\evaluate_contract_letters.py","31","28-39","\.xlsx; \.xls","PROJECT_DIR / ""letters_intelligence"" / ""letters_intelligence.xlsx"","
"3","Possible report reference","scripts\evaluate_contract_letters.py","C:\Users\pc\OneDrive\Documents\Project Intelligence Hub\scripts\evaluate_contract_letters.py","81","78-89","Workbook\(","def load_letters_workbook() -> tuple[Path | None, dict[str, pd.DataFrame]]:"
"3","Possible report reference","scripts\evaluate_contract_letters.py","C:\Users\pc\OneDrive\Documents\Project Intelligence Hub\scripts\evaluate_contract_letters.py","388","385-396","output","def score_outputs(analysis: dict[str, Any], artifact_text: str, methodology_text: str) -> dict[str, Any]:"
"3","Generated report or output format","scripts\evaluate_delay_tia.py","C:\Users\pc\OneDrive\Documents\Project Intelligence Hub\scripts\evaluate_delay_tia.py","28","25-36","\.docx","DEFAULT_METHODOLOGY = DEFAULT_PROJECT_DIR / ""delay_analysis"" / ""methodology"" / ""TIA methodology.docx"""
"3","Generated report or output format","scripts\evaluate_delay_tia.py","C:\Users\pc\OneDrive\Documents\Project Intelligence Hub\scripts\evaluate_delay_tia.py","111","108-119","\.csv","master_df = load_csv(""02- master_activity_steel_analysis.csv"")"
"3","Generated report or output format","scripts\evaluate_delay_tia.py","C:\Users\pc\OneDrive\Documents\Project Intelligence Hub\scripts\evaluate_delay_tia.py","114","111-122","\.csv","TEMPLATE_DIR / ""03- employer_steel_supply_at_site.csv"","
"3","Generated report or output format","scripts\evaluate_delay_tia.py","C:\Users\pc\OneDrive\Documents\Project Intelligence Hub\scripts\evaluate_delay_tia.py","115","112-123","\.csv","TEMPLATE_DIR / ""03- employer_steel_supply.csv"","
"3","Generated report or output format","scripts\evaluate_delay_tia.py","C:\Users\pc\OneDrive\Documents\Project Intelligence Hub\scripts\evaluate_delay_tia.py","119","116-127","\.csv","relationship_df = load_csv(""05- relationship_file.csv"")"
"3","Generated report or output format","scripts\evaluate_delay_tia.py","C:\Users\pc\OneDrive\Documents\Project Intelligence Hub\scripts\evaluate_delay_tia.py","120","117-128","\.csv","contract_df = load_csv(""06- contract_library.csv"")"
"3","Generated report or output format","scripts\evaluate_delay_tia.py","C:\Users\pc\OneDrive\Documents\Project Intelligence Hub\scripts\evaluate_delay_tia.py","123","120-131","\.csv","TEMPLATE_DIR / ""09- rfi_status.csv"","
"3","Generated report or output format","scripts\evaluate_delay_tia.py","C:\Users\pc\OneDrive\Documents\Project Intelligence Hub\scripts\evaluate_delay_tia.py","126","123-134","\.csv","delay_events_df = load_app_csv(""delay_events.csv"")"
"3","Possible report reference","scripts\evaluate_delay_tia.py","C:\Users\pc\OneDrive\Documents\Project Intelligence Hub\scripts\evaluate_delay_tia.py","198","195-206","output","def score_outputs(analysis: dict[str, Any], source_frames: dict[str, pd.DataFrame], artifact_text: str, methodology_text: str) -> dict[str, Any]:"
"3","Generated report or output format","scripts\evaluate_output_studio.py","C:\Users\pc\OneDrive\Documents\Project Intelligence Hub\scripts\evaluate_output_studio.py","26","23-34","\.csv","""projects.csv"","
"3","Generated report or output format","scripts\evaluate_output_studio.py","C:\Users\pc\OneDrive\Documents\Project Intelligence Hub\scripts\evaluate_output_studio.py","27","24-35","\.csv","""activities.csv"","
"3","Generated report or output format","scripts\evaluate_output_studio.py","C:\Users\pc\OneDrive\Documents\Project Intelligence Hub\scripts\evaluate_output_studio.py","28","25-36","\.csv","""evm.csv"","
"3","Generated report or output format","scripts\evaluate_output_studio.py","C:\Users\pc\OneDrive\Documents\Project Intelligence Hub\scripts\evaluate_output_studio.py","29","26-37","\.csv","""contracts.csv"","
"3","Generated report or output format","scripts\evaluate_output_studio.py","C:\Users\pc\OneDrive\Documents\Project Intelligence Hub\scripts\evaluate_output_studio.py","30","27-38","\.csv","""payments.csv"","
"3","Generated report or output format","scripts\evaluate_output_studio.py","C:\Users\pc\OneDrive\Documents\Project Intelligence Hub\scripts\evaluate_output_studio.py","31","28-39","\.csv","""delay_events.csv"","
"3","Generated report or output format","scripts\evaluate_output_studio.py","C:\Users\pc\OneDrive\Documents\Project Intelligence Hub\scripts\evaluate_output_studio.py","32","29-40","\.csv","""risks.csv"","
"3","Generated report or output format","scripts\evaluate_output_studio.py","C:\Users\pc\OneDrive\Documents\Project Intelligence Hub\scripts\evaluate_output_studio.py","33","30-41","\.csv","""milestones.csv"","
"3","Generated report or output format","scripts\evaluate_output_studio.py","C:\Users\pc\OneDrive\Documents\Project Intelligence Hub\scripts\evaluate_output_studio.py","34","31-42","\.csv","""change_orders.csv"","
"3","Generated report or output format","scripts\evaluate_output_studio.py","C:\Users\pc\OneDrive\Documents\Project Intelligence Hub\scripts\evaluate_output_studio.py","35","32-43","\.csv","""s_curve.csv"","
"3","Generated report or output format","scripts\evaluate_output_studio.py","C:\Users\pc\OneDrive\Documents\Project Intelligence Hub\scripts\evaluate_output_studio.py","36","33-44","\.csv","""wbs.csv"","
"3","Generated report or output format","scripts\evaluate_output_studio.py","C:\Users\pc\OneDrive\Documents\Project Intelligence Hub\scripts\evaluate_output_studio.py","37","34-45","\.csv","""rfi_ status.csv"","
"3","Generated report or output format","scripts\evaluate_output_studio.py","C:\Users\pc\OneDrive\Documents\Project Intelligence Hub\scripts\evaluate_output_studio.py","38","35-46","\.csv","""ifc_conflict.csv"","
"3","Generated report or output format","scripts\evaluate_output_studio.py","C:\Users\pc\OneDrive\Documents\Project Intelligence Hub\scripts\evaluate_output_studio.py","117","114-125","\.csv","if path.suffix.lower() == "".csv"":"
"3","Generated report or output format","scripts\evaluate_output_studio.py","C:\Users\pc\OneDrive\Documents\Project Intelligence Hub\scripts\evaluate_output_studio.py","126","123-134","\.xlsx; \.xls","elif path.suffix.lower() in {"".xlsx"", "".xlsm"", "".xls""}:"
"3","Generated report or output format","scripts\evaluate_output_studio.py","C:\Users\pc\OneDrive\Documents\Project Intelligence Hub\scripts\evaluate_output_studio.py","140","137-148","\.xlsx; \.xls","for path in sorted(letters_dir.glob(""*.xlsx"")):"
"3","Generated report or output format","scripts\evaluate_output_studio.py","C:\Users\pc\OneDrive\Documents\Project Intelligence Hub\scripts\evaluate_output_studio.py","323","320-331","to_csv; \.csv; output","data_inventory.to_csv(OUTPUT_DIR / f""data_inventory_{label}.csv"", index=False, encoding=""utf-8-sig"")"
"3","Generated report or output format","scripts\evaluate_output_studio.py","C:\Users\pc\OneDrive\Documents\Project Intelligence Hub\scripts\evaluate_output_studio.py","326","323-334","\.html; \.htm; output","artifact_path = OUTPUT_DIR / f""artifact_{label}.html"""
"3","Generated report or output format","scripts\evaluate_output_studio.py","C:\Users\pc\OneDrive\Documents\Project Intelligence Hub\scripts\evaluate_output_studio.py","342","339-348","\.html; \.htm; output","""artifact"": str(OUTPUT_DIR / f""artifact_{args.label}.html""),"
"3","Generated report or output format","scripts\watch_excel_and_push_to_samco.ps1","C:\Users\pc\OneDrive\Documents\Project Intelligence Hub\scripts\watch_excel_and_push_to_samco.ps1","18","15-26","\.xlsx; \.xls; \.csv","$extensions = @("".xlsx"", "".xls"", "".xlsm"", "".csv"")"
"3","Generated report or output format","src\construction_system\contract_matcher.py","C:\Users\pc\OneDrive\Documents\Project Intelligence Hub\src\construction_system\contract_matcher.py","33","30-41","\.xlsx; \.xls","PROJECT_ROOT / ""projects"" / ""_PROJECT_TEMPLATE"" / ""contracts"" / ""source"" / ""Overall_Contract_clause_library.xlsx"","
"3","Generated report or output format","src\construction_system\contract_matcher.py","C:\Users\pc\OneDrive\Documents\Project Intelligence Hub\src\construction_system\contract_matcher.py","188","185-196","\.csv","if CLAUSE_LIBRARY_PATH.suffix.lower() == "".csv"":"
"3","Generated report or output format","src\construction_system\csv_integration.py","C:\Users\pc\OneDrive\Documents\Project Intelligence Hub\src\construction_system\csv_integration.py","6","3-14","\.csv","from src.construction_system.csv_loader import get_loader as get_csv_loader"
"3","Generated report or output format","src\construction_system\csv_integration.py","C:\Users\pc\OneDrive\Documents\Project Intelligence Hub\src\construction_system\csv_integration.py","15","12-23","\.csv","self.csv_loader = get_csv_loader()"
"3","Generated report or output format","src\construction_system\csv_integration.py","C:\Users\pc\OneDrive\Documents\Project Intelligence Hub\src\construction_system\csv_integration.py","24","21-32","\.csv","projects = self.csv_loader.get_projects()"
"3","Generated report or output format","src\construction_system\csv_integration.py","C:\Users\pc\OneDrive\Documents\Project Intelligence Hub\src\construction_system\csv_integration.py","54","51-62","\.csv","df = self.csv_loader.get_activities()"
"3","Generated report or output format","src\construction_system\csv_integration.py","C:\Users\pc\OneDrive\Documents\Project Intelligence Hub\src\construction_system\csv_integration.py","150","147-158","\.csv","df = self.csv_loader.get_contracts()"
"3","Generated report or output format","src\construction_system\csv_integration.py","C:\Users\pc\OneDrive\Documents\Project Intelligence Hub\src\construction_system\csv_integration.py","162","159-170","\.csv","df = self.csv_loader.get_risks()"
"3","Generated report or output format","src\construction_system\csv_integration.py","C:\Users\pc\OneDrive\Documents\Project Intelligence Hub\src\construction_system\csv_integration.py","174","171-182","\.csv","df = self.csv_loader.get_delay_events()"
"3","Generated report or output format","src\construction_system\csv_integration.py","C:\Users\pc\OneDrive\Documents\Project Intelligence Hub\src\construction_system\csv_integration.py","186","183-194","\.csv","df = self.csv_loader.get_milestones()"
"3","Generated report or output format","src\construction_system\csv_integration.py","C:\Users\pc\OneDrive\Documents\Project Intelligence Hub\src\construction_system\csv_integration.py","198","195-206","\.csv","df = self.csv_loader.get_change_orders()"
"3","Generated report or output format","src\construction_system\csv_integration.py","C:\Users\pc\OneDrive\Documents\Project Intelligence Hub\src\construction_system\csv_integration.py","210","207-218","\.csv","df = self.csv_loader.get_payments()"
"3","Generated report or output format","src\construction_system\csv_integration.py","C:\Users\pc\OneDrive\Documents\Project Intelligence Hub\src\construction_system\csv_integration.py","222","219-230","\.csv","df = self.csv_loader.get_progress_updates()"
"3","Generated report or output format","src\construction_system\csv_integration.py","C:\Users\pc\OneDrive\Documents\Project Intelligence Hub\src\construction_system\csv_integration.py","234","231-242","\.csv","df = self.csv_loader.get_wbs()"
"3","Generated report or output format","src\construction_system\csv_integration.py","C:\Users\pc\OneDrive\Documents\Project Intelligence Hub\src\construction_system\csv_integration.py","246","243-254","\.csv","df = self.csv_loader.get_cost_items()"
"3","Generated report or output format","src\construction_system\csv_integration.py","C:\Users\pc\OneDrive\Documents\Project Intelligence Hub\src\construction_system\csv_integration.py","258","255-266","\.csv","df = self.csv_loader.get_claims()"
"3","Generated report or output format","src\construction_system\csv_integration.py","C:\Users\pc\OneDrive\Documents\Project Intelligence Hub\src\construction_system\csv_integration.py","271","268-279","\.csv","""csv_files"": self.csv_loader.get_load_status(),"
"3","Generated report or output format","src\construction_system\csv_integration.py","C:\Users\pc\OneDrive\Documents\Project Intelligence Hub\src\construction_system\csv_integration.py","278","275-286","\.csv","self.csv_loader.reload_all()"
"3","Generated report or output format","src\construction_system\csv_loader.py","C:\Users\pc\OneDrive\Documents\Project Intelligence Hub\src\construction_system\csv_loader.py","16","13-24","\.csv","""projects"": ""projects.csv"","
"3","Generated report or output format","src\construction_system\csv_loader.py","C:\Users\pc\OneDrive\Documents\Project Intelligence Hub\src\construction_system\csv_loader.py","17","14-25","\.csv","""activities"": ""activities.csv"","
"3","Generated report or output format","src\construction_system\csv_loader.py","C:\Users\pc\OneDrive\Documents\Project Intelligence Hub\src\construction_system\csv_loader.py","18","15-26","\.csv","""contracts"": ""contracts.csv"","
"3","Generated report or output format","src\construction_system\csv_loader.py","C:\Users\pc\OneDrive\Documents\Project Intelligence Hub\src\construction_system\csv_loader.py","19","16-27","\.csv","""cost_items"": ""cost_items.csv"","
"3","Generated report or output format","src\construction_system\csv_loader.py","C:\Users\pc\OneDrive\Documents\Project Intelligence Hub\src\construction_system\csv_loader.py","20","17-28","\.csv","""delay_events"": ""delay_events.csv"","
"3","Generated report or output format","src\construction_system\csv_loader.py","C:\Users\pc\OneDrive\Documents\Project Intelligence Hub\src\construction_system\csv_loader.py","21","18-29","\.csv","""risks"": ""risks.csv"","
"3","Generated report or output format","src\construction_system\csv_loader.py","C:\Users\pc\OneDrive\Documents\Project Intelligence Hub\src\construction_system\csv_loader.py","22","19-30","\.csv","""milestones"": ""milestones.csv"","
"3","Generated report or output format","src\construction_system\csv_loader.py","C:\Users\pc\OneDrive\Documents\Project Intelligence Hub\src\construction_system\csv_loader.py","23","20-31","\.csv","""payments"": ""payments.csv"","
"3","Generated report or output format","src\construction_system\csv_loader.py","C:\Users\pc\OneDrive\Documents\Project Intelligence Hub\src\construction_system\csv_loader.py","24","21-32","\.csv","""progress_updates"": ""progress_updates.csv"","
"3","Generated report or output format","src\construction_system\csv_loader.py","C:\Users\pc\OneDrive\Documents\Project Intelligence Hub\src\construction_system\csv_loader.py","25","22-33","\.csv","""change_orders"": ""change_orders.csv"","
"3","Generated report or output format","src\construction_system\csv_loader.py","C:\Users\pc\OneDrive\Documents\Project Intelligence Hub\src\construction_system\csv_loader.py","26","23-34","\.csv","""claims"": ""claims.csv"","
"3","Generated report or output format","src\construction_system\csv_loader.py","C:\Users\pc\OneDrive\Documents\Project Intelligence Hub\src\construction_system\csv_loader.py","27","24-35","\.csv","""wbs"": ""wbs.csv"","
"3","Generated report or output format","src\construction_system\evm_loader.py","C:\Users\pc\OneDrive\Documents\Project Intelligence Hub\src\construction_system\evm_loader.py","10","7-18","\.csv","EVM_FILE = DATA_DIR / ""evm.csv"""
"3","Generated report or output format","src\construction_system\importers.py","C:\Users\pc\OneDrive\Documents\Project Intelligence Hub\src\construction_system\importers.py","151","148-159","\.csv","""projects.csv"":         ""projects"","
"3","Generated report or output format","src\construction_system\importers.py","C:\Users\pc\OneDrive\Documents\Project Intelligence Hub\src\construction_system\importers.py","152","149-160","\.csv","""wbs.csv"":              ""wbs"","
"3","Generated report or output format","src\construction_system\importers.py","C:\Users\pc\OneDrive\Documents\Project Intelligence Hub\src\construction_system\importers.py","153","150-161","\.csv","""activities.csv"":       ""activities"","
"3","Generated report or output format","src\construction_system\importers.py","C:\Users\pc\OneDrive\Documents\Project Intelligence Hub\src\construction_system\importers.py","154","151-162","\.csv","""progress_updates.csv"": ""progress_updates"","
"3","Generated report or output format","src\construction_system\importers.py","C:\Users\pc\OneDrive\Documents\Project Intelligence Hub\src\construction_system\importers.py","155","152-163","\.csv","""cost_items.csv"":       ""cost_items"","
"3","Generated report or output format","src\construction_system\importers.py","C:\Users\pc\OneDrive\Documents\Project Intelligence Hub\src\construction_system\importers.py","156","153-164","\.csv","""contracts.csv"":        ""contracts"","
"3","Generated report or output format","src\construction_system\importers.py","C:\Users\pc\OneDrive\Documents\Project Intelligence Hub\src\construction_system\importers.py","157","154-165","\.csv","""change_orders.csv"":    ""change_orders"","
"3","Generated report or output format","src\construction_system\importers.py","C:\Users\pc\OneDrive\Documents\Project Intelligence Hub\src\construction_system\importers.py","158","155-166","\.csv","""claims.csv"":           ""claims"","
"3","Generated report or output format","src\construction_system\importers.py","C:\Users\pc\OneDrive\Documents\Project Intelligence Hub\src\construction_system\importers.py","159","156-167","\.csv","""payments.csv"":         ""payments"","
"3","Generated report or output format","src\construction_system\importers.py","C:\Users\pc\OneDrive\Documents\Project Intelligence Hub\src\construction_system\importers.py","160","157-168","\.csv","""delay_events.csv"":     ""delay_events"","
"3","Generated report or output format","src\construction_system\importers.py","C:\Users\pc\OneDrive\Documents\Project Intelligence Hub\src\construction_system\importers.py","161","158-169","\.csv","""risks.csv"":            ""risks"","
"3","Generated report or output format","src\construction_system\importers.py","C:\Users\pc\OneDrive\Documents\Project Intelligence Hub\src\construction_system\importers.py","162","159-170","\.csv","""milestones.csv"":       ""milestones"","
"3","Generated report or output format","src\construction_system\letters_auto_ingest.py","C:\Users\pc\OneDrive\Documents\Project Intelligence Hub\src\construction_system\letters_auto_ingest.py","17","14-25","\.pdf; \.docx; \.xlsx; \.xls; \.csv","SUPPORTED_EXTENSIONS = {"".pdf"", "".docx"", "".txt"", "".eml"", "".csv"", "".xlsx"", "".xls""}"
"3","Generated report or output format","src\construction_system\project_catalog.py","C:\Users\pc\OneDrive\Documents\Project Intelligence Hub\src\construction_system\project_catalog.py","48","45-56","\.csv","""""""Read the user-maintained project identity from projects.csv when present."""""""
"3","Generated report or output format","src\construction_system\project_catalog.py","C:\Users\pc\OneDrive\Documents\Project Intelligence Hub\src\construction_system\project_catalog.py","50","47-58","\.csv","project_dir / ""01-data"" / ""import_templates"" / ""projects.csv"","
"3","Generated report or output format","src\construction_system\project_catalog.py","C:\Users\pc\OneDrive\Documents\Project Intelligence Hub\src\construction_system\project_catalog.py","51","48-59","\.csv","project_dir / ""data"" / ""import_templates"" / ""projects.csv"","
"3","Generated report or output format","src\construction_system\project_catalog.py","C:\Users\pc\OneDrive\Documents\Project Intelligence Hub\src\construction_system\project_catalog.py","224","221-232","\.csv","""08-branding/color_palette_template.csv"": f""project_id,role,color_hex\n{project_id},primary,#123B5D\n{project_id},secondary,#5B6870\n{project_id},accent,#C7A34B\n{project_id},background,#FFFFFF\n"","
"3","Generated report or output format","src\construction_system\project_catalog.py","C:\Users\pc\OneDrive\Documents\Project Intelligence Hub\src\construction_system\project_catalog.py","225","222-233","\.png; report","""08-branding/report_branding_template.json"": json.dumps({""header_text"": ""Example Project"", ""footer_text"": ""Confidential"", ""logo_file"": ""logo.png""}, indent=2) + ""\n"","
"3","Generated report or output format","src\construction_system\project_catalog.py","C:\Users\pc\OneDrive\Documents\Project Intelligence Hub\src\construction_system\project_catalog.py","226","223-234","\.png","""08-branding/logo_placeholder.txt"": ""Place the approved project logo here as logo.png.\n"","
"3","Generated report or output format","src\construction_system\project_catalog.py","C:\Users\pc\OneDrive\Documents\Project Intelligence Hub\src\construction_system\project_catalog.py","227","224-235","\.csv","""06-evidence/contract_evidence_register_template.csv"": ""project_id,evidence_id,contract_clause,document_reference,event_id,description,status\n"","
"3","Generated report or output format","src\construction_system\project_catalog.py","C:\Users\pc\OneDrive\Documents\Project Intelligence Hub\src\construction_system\project_catalog.py","228","225-236","\.csv","""06-evidence/clause_reference_template.csv"": ""project_id,clause_id,clause_title,source_file,source_page,entitlement_topic,notes\n"","
"3","Generated report or output format","src\construction_system\project_catalog.py","C:\Users\pc\OneDrive\Documents\Project Intelligence Hub\src\construction_system\project_catalog.py","229","226-237","\.csv","""06-evidence/correspondence_reference_template.csv"": ""project_id,reference,date,from_party,to_party,subject,related_event_id,evidence_status\n"","
"3","Generated report or output format","src\construction_system\project_catalog.py","C:\Users\pc\OneDrive\Documents\Project Intelligence Hub\src\construction_system\project_catalog.py","230","227-238","\.csv","""06-evidence/evidence_register_template.csv"": ""project_id,evidence_id,evidence_type,source_file,source_date,event_id,activity_id,description,verified\n"","
"3","Generated report or output format","src\construction_system\project_catalog.py","C:\Users\pc\OneDrive\Documents\Project Intelligence Hub\src\construction_system\project_catalog.py","231","228-239","\.csv","""06-evidence/photo_log_template.csv"": ""project_id,photo_id,date,location,activity_id,event_id,file_name,caption,taken_by\n"","
"3","Generated report or output format","src\construction_system\project_catalog.py","C:\Users\pc\OneDrive\Documents\Project Intelligence Hub\src\construction_system\project_catalog.py","232","229-240","\.csv","""06-evidence/document_reference_template.csv"": ""project_id,document_id,document_type,reference,date,source_file,related_event_id,notes\n"","
"3","Generated report or output format","src\construction_system\reporting.py","C:\Users\pc\OneDrive\Documents\Project Intelligence Hub\src\construction_system\reporting.py","34","31-42","\.html; \.htm; output; report","output_path = Path(output_path) if output_path else ROOT / ""reports"" / ""project_control_report.html"""
"3","Generated report or output format","src\construction_system\steel_delay_tia.py","C:\Users\pc\OneDrive\Documents\Project Intelligence Hub\src\construction_system\steel_delay_tia.py","298","295-306","\.xlsx; \.xls","if name.endswith("".xlsx"") or name.endswith("".xls""):"
"3","Generated report or output format","src\construction_system\steel_delay_tia.py","C:\Users\pc\OneDrive\Documents\Project Intelligence Hub\src\construction_system\steel_delay_tia.py","304","301-312","\.xlsx; \.xls","if path.suffix.lower() in {"".xlsx"", "".xls""}:"
"3","Generated report or output format","tests\test_project_catalog.py","C:\Users\pc\OneDrive\Documents\Project Intelligence Hub\tests\test_project_catalog.py","49","46-57","\.csv","first = project_data_path(tmp_path, ""P-01"", ""core"", ""activities.csv"")"
"3","Generated report or output format","tests\test_project_catalog.py","C:\Users\pc\OneDrive\Documents\Project Intelligence Hub\tests\test_project_catalog.py","50","47-58","\.csv","second = project_data_path(tmp_path, ""P-02"", ""core"", ""activities.csv"")"
"3","Generated report or output format","tests\test_project_catalog.py","C:\Users\pc\OneDrive\Documents\Project Intelligence Hub\tests\test_project_catalog.py","53","50-61","\.csv","assert first == tmp_path / ""P-01"" / ""01-data"" / ""import_templates"" / ""activities.csv"""
"3","Generated report or output format","tests\test_project_catalog.py","C:\Users\pc\OneDrive\Documents\Project Intelligence Hub\tests\test_project_catalog.py","57","54-65","\.csv","first = tmp_path / ""p1.csv"""
"3","Generated report or output format","tests\test_project_catalog.py","C:\Users\pc\OneDrive\Documents\Project Intelligence Hub\tests\test_project_catalog.py","58","55-66","\.csv","second = tmp_path / ""p2.csv"""
"3","Generated report or output format","tests\test_project_catalog.py","C:\Users\pc\OneDrive\Documents\Project Intelligence Hub\tests\test_project_catalog.py","95","92-97","\.csv","assert (project / ""06-evidence"" / ""contract_evidence_register_template.csv"").exists()"
"3","Generated report or output format","tests\test_project_catalog.py","C:\Users\pc\OneDrive\Documents\Project Intelligence Hub\tests\test_project_catalog.py","96","93-97","\.csv","assert (project / ""06-evidence"" / ""photo_log_template.csv"").exists()"
"3","Generated report or output format","tools\generate_data_lineage.py","C:\Users\pc\OneDrive\Documents\Project Intelligence Hub\tools\generate_data_lineage.py","19","16-27","\.csv","""source_sheet_or_table"": ""CSV rows"" if source_file.endswith("".csv"") else ""Project-owned document/workbook/database"","
"3","Generated report or output format","tools\generate_data_lineage.py","C:\Users\pc\OneDrive\Documents\Project Intelligence Hub\tools\generate_data_lineage.py","43","40-51","\.xlsx; \.xls","item(""Overview"", ""Live alerts"", ""Priority correspondence threads"", ""letters_intelligence.xlsx"", ""Thread, Priority, Next Action"", ""Auto-ingest project inbox then show highest-priority threads"", ""dashboard.load_letters_workbook"", source_folder=""07-letters_intelligence""),"
"3","Generated report or output format","tools\generate_data_lineage.py","C:\Users\pc\OneDrive\Documents\Project Intelligence Hub\tools\generate_data_lineage.py","51","48-59","\.xlsx; \.xls","item(""Letters Intelligence"", ""Letters and links"", ""Outbound, inbound, linked threads, risk subjects"", ""letters_intelligence.xlsx + inbox"", ""Ref No, Date, Subject, Risk Type, Claim Strength, Delay Risk"", ""Merge workbook with new files in selected project inbox only"", ""dashboard.load_letters_workbook / letters_auto_ingest.merge_inbox_letters"", source_folder=""07-letters_intelligence""),"
"3","Generated report or output format","tools\generate_data_lineage.py","C:\Users\pc\OneDrive\Documents\Project Intelligence Hub\tools\generate_data_lineage.py","55","52-63","\.csv","item(""Delay Analysis - TIA"", ""MEP Activities"", ""MEP activities, schedule, civil logic"", ""MEP Activities.csv + MEP Schedule.csv + MEP Civil Logic.csv"", ""activity IDs, names, durations, predecessors, successors, dates"", ""Read selected project schedule folder and preserve civil logic"", ""dashboard.load_delay_tia_bl_sources"", source_folder=""03-schedule""),"
"3","Generated report or output format","tools\generate_data_lineage.py","C:\Users\pc\OneDrive\Documents\Project Intelligence Hub\tools\generate_data_lineage.py","64","61-72","\.png; report","item(""Branding"", ""Logo and report identity"", ""Header logo and identity"", ""logo.png + project identity templates"", ""logo_file, project_display_name, contractor, client"", ""Use 08-branding first for selected project identity"", ""dashboard project_logo_path"", source_folder=""08-branding""),"
"3","Generated report or output format","tools\validate_project_isolation.py","C:\Users\pc\OneDrive\Documents\Project Intelligence Hub\tools\validate_project_isolation.py","123","120-131","\.csv","results.check(""4. Core project data paths are isolated"", project_data_path(PROJECTS, first, ""core"", ""activities.csv"") != project_data_path(PROJECTS, second, ""core"", ""activities.csv""))"
"3","Possible report reference","ui\report_generator_page.py","C:\Users\pc\OneDrive\Documents\Project Intelligence Hub\ui\report_generator_page.py","60","57-64","output","def resolve_existing_output_path(raw_path: str | None) -> Path | None:"
"1","Possible report reference",".sync_state\local_manifest.json","C:\Users\pc\OneDrive\Documents\Project Intelligence Hub\.sync_state\local_manifest.json","73","70-81","report","""projects_pipeline_report.md"":  {"
"1","Possible report reference",".sync_state\local_manifest.json","C:\Users\pc\OneDrive\Documents\Project Intelligence Hub\.sync_state\local_manifest.json","153","150-161","output","""11-outputs/.gitkeep"":  {"
"1","Possible report reference",".sync_state\local_manifest.json","C:\Users\pc\OneDrive\Documents\Project Intelligence Hub\.sync_state\local_manifest.json","163","160-171","output","""11-outputs/portfolio_scope/05-contracts/source/.gitkeep"":  {"
"1","Possible report reference",".sync_state\local_manifest.json","C:\Users\pc\OneDrive\Documents\Project Intelligence Hub\.sync_state\local_manifest.json","168","165-176","output","""11-outputs/portfolio_scope/06-evidence/.gitkeep"":  {"
"1","Possible report reference",".sync_state\local_manifest.json","C:\Users\pc\OneDrive\Documents\Project Intelligence Hub\.sync_state\local_manifest.json","173","170-181","output","""11-outputs/portfolio_scope/11-outputs/.gitkeep"":  {"
"1","Possible report reference",".sync_state\local_manifest.json","C:\Users\pc\OneDrive\Documents\Project Intelligence Hub\.sync_state\local_manifest.json","183","180-191","output","""11-outputs/power_bi_package/README.md"":  {"
"1","Possible report reference",".sync_state\local_manifest.json","C:\Users\pc\OneDrive\Documents\Project Intelligence Hub\.sync_state\local_manifest.json","208","205-216","output","""11-outputs/power_bi_package/dax/measures.dax"":  {"
"1","Possible report reference",".sync_state\local_manifest.json","C:\Users\pc\OneDrive\Documents\Project Intelligence Hub\.sync_state\local_manifest.json","223","220-231","output; report","""11-outputs/power_bi_package/layout/report_pages.md"":  {"
"1","Possible report reference",".sync_state\local_manifest.json","C:\Users\pc\OneDrive\Documents\Project Intelligence Hub\.sync_state\local_manifest.json","228","225-236","output","""11-outputs/power_bi_package/power_query/project_intelligence_hub_queries.pq"":  {"
"1","Possible report reference",".sync_state\local_manifest.json","C:\Users\pc\OneDrive\Documents\Project Intelligence Hub\.sync_state\local_manifest.json","233","230-241","output","""11-outputs/power_bi_package/theme/project_intelligence_hub_theme.json"":  {"
"1","Possible report reference",".sync_state\local_manifest.json","C:\Users\pc\OneDrive\Documents\Project Intelligence Hub\.sync_state\local_manifest.json","718","715-726","report","""projects/Bridges/LMD-Bridgs/08-branding/report_branding_template.json"":  {"
"1","Possible report reference",".sync_state\local_manifest.json","C:\Users\pc\OneDrive\Documents\Project Intelligence Hub\.sync_state\local_manifest.json","748","745-756","output","""projects/Bridges/LMD-Bridgs/11-outputs/.gitkeep"":  {"
"1","Possible report reference",".sync_state\local_manifest.json","C:\Users\pc\OneDrive\Documents\Project Intelligence Hub\.sync_state\local_manifest.json","1978","1975-1986","report","""projects/Tunnels/Suez-Tunnel/08-branding/report_branding_template.json"":  {"
"1","Possible report reference",".sync_state\local_manifest.json","C:\Users\pc\OneDrive\Documents\Project Intelligence Hub\.sync_state\local_manifest.json","2008","2005-2016","output","""projects/Tunnels/Suez-Tunnel/11-outputs/.gitkeep"":  {"
"1","Possible report reference",".sync_state\local_manifest.json","C:\Users\pc\OneDrive\Documents\Project Intelligence Hub\.sync_state\local_manifest.json","2338","2335-2346","report","""projects/_PROJECT_TEMPLATE/08-branding/report_branding_template.json"":  {"
"1","Possible report reference",".sync_state\local_manifest.json","C:\Users\pc\OneDrive\Documents\Project Intelligence Hub\.sync_state\local_manifest.json","2368","2365-2376","output","""projects/_PROJECT_TEMPLATE/11-outputs/.gitkeep"":  {"
"1","Possible report reference",".sync_state\local_manifest.json","C:\Users\pc\OneDrive\Documents\Project Intelligence Hub\.sync_state\local_manifest.json","2378","2375-2386","report","""reports/letters_intelligence_ingest_report.md"":  {"
"1","Possible report reference",".sync_state\local_manifest.json","C:\Users\pc\OneDrive\Documents\Project Intelligence Hub\.sync_state\local_manifest.json","2398","2395-2406","report","""reports/tia_director_pack_generator.py"":  {"
"1","Possible report reference",".sync_state\local_manifest.json","C:\Users\pc\OneDrive\Documents\Project Intelligence Hub\.sync_state\local_manifest.json","2408","2405-2416","report","""reports/__init__.py"":  {"
"1","Possible report reference",".sync_state\local_manifest.json","C:\Users\pc\OneDrive\Documents\Project Intelligence Hub\.sync_state\local_manifest.json","2548","2545-2556","report","""src/construction_system/reporting.py"":  {"
"1","Possible report reference",".sync_state\local_manifest.json","C:\Users\pc\OneDrive\Documents\Project Intelligence Hub\.sync_state\local_manifest.json","2618","2615-2626","report_generator; report","""ui/report_generator_page.py"":  {"
"1","Possible report reference","analytics\backend\app\agent.py","C:\Users\pc\OneDrive\Documents\Project Intelligence Hub\analytics\backend\app\agent.py","30","27-38","output","5. Keep the output structured with clear headings and concise bullets."
"1","Possible report reference","analytics\backend\app\agent.py","C:\Users\pc\OneDrive\Documents\Project Intelligence Hub\analytics\backend\app\agent.py","56","53-64","output","""required_output"": ["
"1","Possible report reference","analytics\backend\app\agent.py","C:\Users\pc\OneDrive\Documents\Project Intelligence Hub\analytics\backend\app\agent.py","92","89-100","output","if name in {""tool_called"", ""tool_output""}:"
"1","Possible report reference","analytics\backend\app\agent.py","C:\Users\pc\OneDrive\Documents\Project Intelligence Hub\analytics\backend\app\agent.py","98","95-106","output","message=""Tool call completed"" if name == ""tool_output"" else ""Tool call started"","
"1","Possible report reference","analytics\backend\app\agent.py","C:\Users\pc\OneDrive\Documents\Project Intelligence Hub\analytics\backend\app\agent.py","105","102-113","output","if data_type == ""response.output_text.delta"":"
"1","Possible report reference","analytics\backend\app\agent.py","C:\Users\pc\OneDrive\Documents\Project Intelligence Hub\analytics\backend\app\agent.py","112","109-115","output","final_output = getattr(result, ""final_output"", None)"
"1","Possible report reference","analytics\backend\app\agent.py","C:\Users\pc\OneDrive\Documents\Project Intelligence Hub\analytics\backend\app\agent.py","113","110-115","output","if final_output:"
"1","Possible report reference","analytics\backend\app\agent.py","C:\Users\pc\OneDrive\Documents\Project Intelligence Hub\analytics\backend\app\agent.py","114","111-115","output","yield _event_payload(""final"", output=str(final_output))"
"1","Possible report reference","analytics\src\main.tsx","C:\Users\pc\OneDrive\Documents\Project Intelligence Hub\analytics\src\main.tsx","30","27-38","output","output?: string;"
"1","Possible report reference","analytics\src\main.tsx","C:\Users\pc\OneDrive\Documents\Project Intelligence Hub\analytics\src\main.tsx","74","71-82","output","const displayText = finalOutput || answer || ""Submit the brief to stream the analytics release plan."";"
"1","Possible report reference","analytics\src\main.tsx","C:\Users\pc\OneDrive\Documents\Project Intelligence Hub\analytics\src\main.tsx","179","176-187","output","<section className=""output-panel"">"
"1","Possible report reference","analytics\src\main.tsx","C:\Users\pc\OneDrive\Documents\Project Intelligence Hub\analytics\src\main.tsx","180","177-188","output","<div className=""output-header"">"
"1","Possible report reference","contract_claims_center.py","C:\Users\pc\OneDrive\Documents\Project Intelligence Hub\contract_claims_center.py","566","563-574","output","output_json TEXT,"
"1","Possible report reference","contract_claims_center.py","C:\Users\pc\OneDrive\Documents\Project Intelligence Hub\contract_claims_center.py","652","649-660","Document\(","(""scope_cleanup"", f""Removed {len(stale_document_ids)} stale document(s) outside {contracts_dir}"", stamp, stamp),"
"1","Possible report reference","contract_claims_center.py","C:\Users\pc\OneDrive\Documents\Project Intelligence Hub\contract_claims_center.py","779","776-787","output","output_df = pd.DataFrame(rows)"
"1","Possible report reference","contract_claims_center.py","C:\Users\pc\OneDrive\Documents\Project Intelligence Hub\contract_claims_center.py","792","789-800","output","""row_count"": int(len(output_df)),"
"1","Possible report reference","contract_claims_center.py","C:\Users\pc\OneDrive\Documents\Project Intelligence Hub\contract_claims_center.py","808","805-816","to_csv","return df.to_csv(index=False)"
"1","Possible report reference","contract_claims_center.py","C:\Users\pc\OneDrive\Documents\Project Intelligence Hub\contract_claims_center.py","813","810-821","to_csv","frames.append(f""[Sheet: {sheet}]\n{sheet_df.to_csv(index=False)}"")"
"1","Possible report reference","contract_claims_center.py","C:\Users\pc\OneDrive\Documents\Project Intelligence Hub\contract_claims_center.py","822","819-830","Document\(","doc = Document(path)"
"1","Possible report reference","contract_claims_center.py","C:\Users\pc\OneDrive\Documents\Project Intelligence Hub\contract_claims_center.py","970","967-978","output","""[Console]::OutputEncoding = [System.Text.Encoding]::UTF8; """
"1","Possible report reference","contract_claims_center.py","C:\Users\pc\OneDrive\Documents\Project Intelligence Hub\contract_claims_center.py","980","977-988","output","capture_output=True,"
"1","Possible report reference","contract_claims_center.py","C:\Users\pc\OneDrive\Documents\Project Intelligence Hub\contract_claims_center.py","1016","1013-1024","to_csv","return df.to_csv(index=False)"
"1","Possible report reference","contract_claims_center.py","C:\Users\pc\OneDrive\Documents\Project Intelligence Hub\contract_claims_center.py","1025","1022-1033","to_csv","frames.append(f""[Sheet: {sheet}]\n{sheet_df.to_csv(index=False)}"")"
"1","Possible report reference","contract_claims_center.py","C:\Users\pc\OneDrive\Documents\Project Intelligence Hub\contract_claims_center.py","1032","1029-1040","Document\(","doc = Document(io.BytesIO(data))"
"1","Possible report reference","contract_claims_center.py","C:\Users\pc\OneDrive\Documents\Project Intelligence Hub\contract_claims_center.py","1241","1238-1249","report","""EOT Entitlements"": ""Accepted programme, fragnet / window analysis, notices, RFIs, instructions, daily reports."","
"1","Possible report reference","contract_claims_center.py","C:\Users\pc\OneDrive\Documents\Project Intelligence Hub\contract_claims_center.py","1380","1377-1388","Document\(","document_id = upsert_contract_document(cur, path, file_hash, content_text, contract_version)"
"1","Possible report reference","contract_claims_center.py","C:\Users\pc\OneDrive\Documents\Project Intelligence Hub\contract_claims_center.py","1734","1731-1742","report","""daily_records_exist"": has_any([""daily report"", ""site record"", ""site diary"", ""weekly report"", ""progress report""]),"
"1","Possible report reference","contract_claims_center.py","C:\Users\pc\OneDrive\Documents\Project Intelligence Hub\contract_claims_center.py","2170","2167-2178","report","""records"": any(term in lower for term in [""contemporaneous"", ""records"", ""daily report"", ""site record"", ""mitigation""]),"
"1","Possible report reference","contract_claims_center.py","C:\Users\pc\OneDrive\Documents\Project Intelligence Hub\contract_claims_center.py","2438","2435-2446","output","output = io.BytesIO()"
"1","Possible report reference","contract_claims_center.py","C:\Users\pc\OneDrive\Documents\Project Intelligence Hub\contract_claims_center.py","2441","2438-2449","output","output.seek(0)"
"1","Possible report reference","contract_claims_center.py","C:\Users\pc\OneDrive\Documents\Project Intelligence Hub\contract_claims_center.py","2442","2439-2450","output","return output.getvalue()"
"1","Possible report reference","contract_claims_center.py","C:\Users\pc\OneDrive\Documents\Project Intelligence Hub\contract_claims_center.py","2467","2464-2475","Document\(","doc = Document()"
"1","Possible report reference","contract_claims_center.py","C:\Users\pc\OneDrive\Documents\Project Intelligence Hub\contract_claims_center.py","2485","2482-2493","output","output = io.BytesIO()"
"1","Possible report reference","contract_claims_center.py","C:\Users\pc\OneDrive\Documents\Project Intelligence Hub\contract_claims_center.py","2487","2484-2495","output","output.seek(0)"
"1","Possible report reference","contract_claims_center.py","C:\Users\pc\OneDrive\Documents\Project Intelligence Hub\contract_claims_center.py","2488","2485-2496","output","return output.getvalue()"
"1","Possible report reference","contract_claims_center.py","C:\Users\pc\OneDrive\Documents\Project Intelligence Hub\contract_claims_center.py","2493","2490-2501","reportlab; report","from reportlab.lib.pagesizes import A4"
"1","Possible report reference","contract_claims_center.py","C:\Users\pc\OneDrive\Documents\Project Intelligence Hub\contract_claims_center.py","2497","2494-2505","output","output = io.BytesIO()"
"1","Possible report reference","contract_claims_center.py","C:\Users\pc\OneDrive\Documents\Project Intelligence Hub\contract_claims_center.py","2498","2495-2506","output","pdf = canvas.Canvas(output, pagesize=A4)"
"1","Possible report reference","contract_claims_center.py","C:\Users\pc\OneDrive\Documents\Project Intelligence Hub\contract_claims_center.py","2532","2529-2533","output","output.seek(0)"
"1","Possible report reference","contract_claims_center.py","C:\Users\pc\OneDrive\Documents\Project Intelligence Hub\contract_claims_center.py","2533","2530-2533","output","return output.getvalue()"
"1","Possible report reference","dashboard.py","C:\Users\pc\OneDrive\Documents\Project Intelligence Hub\dashboard.py","3","1-11","report","# pyright: reportGeneralTypeIssues=false, reportCallIssue=false, reportArgumentType=false, reportAttributeAccessIssue=false, reportOptionalCall=false, reportOptionalSubscript=false, reportOperatorIssue=false, reportOptionalMemberAccess=false"
"1","Possible report reference","dashboard.py","C:\Users\pc\OneDrive\Documents\Project Intelligence Hub\dashboard.py","35","32-43","report","from reports.tia_director_pack_generator import ("
"1","Possible report reference","dashboard.py","C:\Users\pc\OneDrive\Documents\Project Intelligence Hub\dashboard.py","36","33-44","report_type; report","REPORT_TYPE_TIA_DIRECTOR_PACK,"
"1","Possible report reference","dashboard.py","C:\Users\pc\OneDrive\Documents\Project Intelligence Hub\dashboard.py","40","37-48","pptx","from pptx.dml.color import RGBColor"
"1","Possible report reference","dashboard.py","C:\Users\pc\OneDrive\Documents\Project Intelligence Hub\dashboard.py","41","38-49","pptx","from pptx.chart.data import CategoryChartData"
"1","Possible report reference","dashboard.py","C:\Users\pc\OneDrive\Documents\Project Intelligence Hub\dashboard.py","42","39-50","pptx","from pptx.enum.chart import XL_CHART_TYPE"
"1","Possible report reference","dashboard.py","C:\Users\pc\OneDrive\Documents\Project Intelligence Hub\dashboard.py","43","40-51","pptx","from pptx import Presentation"
"1","Possible report reference","dashboard.py","C:\Users\pc\OneDrive\Documents\Project Intelligence Hub\dashboard.py","44","41-52","pptx","from pptx.util import Inches, Pt"
"1","Possible report reference","dashboard.py","C:\Users\pc\OneDrive\Documents\Project Intelligence Hub\dashboard.py","45","42-53","report_generator; report","from ui.report_generator_page import ("
"1","Possible report reference","dashboard.py","C:\Users\pc\OneDrive\Documents\Project Intelligence Hub\dashboard.py","49","46-57","output","resolve_existing_output_path,"
"1","Possible report reference","dashboard.py","C:\Users\pc\OneDrive\Documents\Project Intelligence Hub\dashboard.py","53","50-61","reportlab; report","from reportlab.lib import colors as rl_colors"
"1","Possible report reference","dashboard.py","C:\Users\pc\OneDrive\Documents\Project Intelligence Hub\dashboard.py","54","51-62","reportlab; report","from reportlab.lib.pagesizes import A3, landscape as rl_landscape"
"1","Possible report reference","dashboard.py","C:\Users\pc\OneDrive\Documents\Project Intelligence Hub\dashboard.py","55","52-63","reportlab; report","from reportlab.lib.units import mm"
"1","Possible report reference","dashboard.py","C:\Users\pc\OneDrive\Documents\Project Intelligence Hub\dashboard.py","58","55-66","reportlab; report","from reportlab.platypus import Table as RLTable, TableStyle as RLTableStyle"
"1","Possible report reference","dashboard.py","C:\Users\pc\OneDrive\Documents\Project Intelligence Hub\dashboard.py","59","56-67","reportlab; report","REPORTLAB_AVAILABLE = True"
"1","Possible report reference","dashboard.py","C:\Users\pc\OneDrive\Documents\Project Intelligence Hub\dashboard.py","69","66-77","reportlab; report","REPORTLAB_AVAILABLE = False"
"1","Possible report reference","dashboard.py","C:\Users\pc\OneDrive\Documents\Project Intelligence Hub\dashboard.py","72","69-80","openpyxl","from openpyxl import Workbook"
"1","Possible report reference","dashboard.py","C:\Users\pc\OneDrive\Documents\Project Intelligence Hub\dashboard.py","73","70-81","openpyxl","from openpyxl.chart import BarChart as XLBarChart, LineChart as XLLineChart, Reference"
"1","Possible report reference","dashboard.py","C:\Users\pc\OneDrive\Documents\Project Intelligence Hub\dashboard.py","74","71-82","openpyxl","from openpyxl.styles import Alignment, Border, Font, PatternFill, Side"
"1","Possible report reference","dashboard.py","C:\Users\pc\OneDrive\Documents\Project Intelligence Hub\dashboard.py","75","72-83","openpyxl","from openpyxl.utils import get_column_letter"
"1","Possible report reference","dashboard.py","C:\Users\pc\OneDrive\Documents\Project Intelligence Hub\dashboard.py","76","73-84","openpyxl","from openpyxl.utils.dataframe import dataframe_to_rows"
"1","Possible report reference","dashboard.py","C:\Users\pc\OneDrive\Documents\Project Intelligence Hub\dashboard.py","77","74-85","openpyxl","from openpyxl.worksheet.table import Table, TableStyleInfo"
"1","Possible report reference","dashboard.py","C:\Users\pc\OneDrive\Documents\Project Intelligence Hub\dashboard.py","78","75-86","openpyxl","OPENPYXL_AVAILABLE = True"
"1","Possible report reference","dashboard.py","C:\Users\pc\OneDrive\Documents\Project Intelligence Hub\dashboard.py","93","90-101","openpyxl","OPENPYXL_AVAILABLE = False"
"1","Possible report reference","dashboard.py","C:\Users\pc\OneDrive\Documents\Project Intelligence Hub\dashboard.py","203","200-211","output","capture_output=True,"
"1","Possible report reference","dashboard.py","C:\Users\pc\OneDrive\Documents\Project Intelligence Hub\dashboard.py","208","205-216","output","output = ""\n"".join(part.strip() for part in (result.stdout, result.stderr) if part.strip())"
"1","Possible report reference","dashboard.py","C:\Users\pc\OneDrive\Documents\Project Intelligence Hub\dashboard.py","209","206-217","output","return result.returncode == 0, output[-6000:]"
"1","Possible report reference","dashboard.py","C:\Users\pc\OneDrive\Documents\Project Intelligence Hub\dashboard.py","229","226-237","output","log_path = APP_DIR / ""11-outputs"" / ""logs"" / ""github_sync.log"""
"1","Possible report reference","dashboard.py","C:\Users\pc\OneDrive\Documents\Project Intelligence Hub\dashboard.py","247","244-255","openpyxl","if not OPENPYXL_AVAILABLE:"
"1","Possible report reference","dashboard.py","C:\Users\pc\OneDrive\Documents\Project Intelligence Hub\dashboard.py","2299","2296-2307","report","report_date = pd.Timestamp.today().strftime(""%d %b %Y"")"
"1","Possible report reference","dashboard.py","C:\Users\pc\OneDrive\Documents\Project Intelligence Hub\dashboard.py","2517","2514-2525","report","<header class=""top""><div><h1>Executive Dashboard</h1><div class=""subtitle"">Project Performance & Control Center</div></div><div class=""top-right""><div class=""date-pill"">{safe(report_date)}</div><div class=""director""><small>Good Morning,</small><b>Executive Director</b></div><div class=""avatar"">◎</div></div></header>"
"1","Possible report reference","dashboard.py","C:\Users\pc\OneDrive\Documents\Project Intelligence Hub\dashboard.py","2528","2525-2536","report","<div class=""panel""><div class=""panel-head""><b>Cost Breakdown</b><span>View Report</span></div><div class=""cost-wrap""><div class=""cost-donut""><div class=""cost-center"">{money(ac).replace('EGP ', 'EGP<br>')}<small>Total Cost</small></div></div><div>{legend_html}</div></div></div>"
"1","Possible report reference","dashboard.py","C:\Users\pc\OneDrive\Documents\Project Intelligence Hub\dashboard.py","2661","2658-2669","report","<div class=""meta"">Report Date: {html.escape(report_date)}</div>"
"1","Possible report reference","dashboard.py","C:\Users\pc\OneDrive\Documents\Project Intelligence Hub\dashboard.py","2753","2750-2761","Presentation\(","prs = Presentation()"
"1","Possible report reference","dashboard.py","C:\Users\pc\OneDrive\Documents\Project Intelligence Hub\dashboard.py","2758","2755-2766","report","_add_evm_ppt_header(slide1, ""Earned Value Analysis ÃƒÆ’Ã‚Â¢ÃƒÂ¢Ã¢â‚¬Å¡Ã‚Â¬ÃƒÂ¢Ã¢â€šÂ¬Ã‚Â Executive Summary"", f""{project_title} | Report Date: {report_date}"")"
"1","Possible report reference","dashboard.py","C:\Users\pc\OneDrive\Documents\Project Intelligence Hub\dashboard.py","2849","2846-2857","Presentation\(","prs = Presentation()"
"1","Possible report reference","dashboard.py","C:\Users\pc\OneDrive\Documents\Project Intelligence Hub\dashboard.py","2854","2851-2862","report","report_date = pd.Timestamp.today().strftime(""%d %b %Y"")"
"1","Possible report reference","dashboard.py","C:\Users\pc\OneDrive\Documents\Project Intelligence Hub\dashboard.py","2868","2865-2876","report","_add_evm_ppt_header(slide1, ""Linked Executive Dashboard ÃƒÆ’Ã‚Â¢ÃƒÂ¢Ã¢â‚¬Å¡Ã‚Â¬ÃƒÂ¢Ã¢â€šÂ¬Ã‚Â Executive Summary"", f""{project_title} | Report Date: {report_date} | Landscape print-ready"")"
"1","Possible report reference","dashboard.py","C:\Users\pc\OneDrive\Documents\Project Intelligence Hub\dashboard.py","3246","3243-3254","Presentation\(","prs = Presentation()"
"1","Possible report reference","dashboard.py","C:\Users\pc\OneDrive\Documents\Project Intelligence Hub\dashboard.py","3251","3248-3259","report","report_date = pd.Timestamp.today().strftime(""%d %b %Y"")"
"1","Possible report reference","dashboard.py","C:\Users\pc\OneDrive\Documents\Project Intelligence Hub\dashboard.py","3328","3325-3336","report","subtitle_box.text_frame.text = f""{project_title} | Report Date: {report_date} | Single-page executive print summary"""
"1","Possible report reference","dashboard.py","C:\Users\pc\OneDrive\Documents\Project Intelligence Hub\dashboard.py","3562","3559-3570","Presentation\(","prs = Presentation()"
"1","Possible report reference","dashboard.py","C:\Users\pc\OneDrive\Documents\Project Intelligence Hub\dashboard.py","3567","3564-3575","report","report_date = pd.Timestamp.today().strftime(""%d %b %Y"")"
"1","Possible report reference","dashboard.py","C:\Users\pc\OneDrive\Documents\Project Intelligence Hub\dashboard.py","3643","3640-3651","report","add_title(slide1, ""Project Progress Control Report"", f""{project_title} | A3 Landscape | {report_date}"")"
"1","Possible report reference","dashboard.py","C:\Users\pc\OneDrive\Documents\Project Intelligence Hub\dashboard.py","3675","3672-3683","report","add_title(slide2, ""Detailed Data Tables"", f""{project_title} | A3 Landscape | {report_date}"")"
"1","Possible report reference","dashboard.py","C:\Users\pc\OneDrive\Documents\Project Intelligence Hub\dashboard.py","4272","4269-4280","report","<span class=""c"">Report Date: {_ppt_date(pd.Timestamp.today())}</span>"
"1","Possible report reference","dashboard.py","C:\Users\pc\OneDrive\Documents\Project Intelligence Hub\dashboard.py","4459","4456-4467","openpyxl","require_openpyxl()"
"1","Possible report reference","dashboard.py","C:\Users\pc\OneDrive\Documents\Project Intelligence Hub\dashboard.py","4495","4492-4503","openpyxl","require_openpyxl()"
"1","Possible report reference","dashboard.py","C:\Users\pc\OneDrive\Documents\Project Intelligence Hub\dashboard.py","4510","4507-4518","openpyxl","require_openpyxl()"
"1","Possible report reference","dashboard.py","C:\Users\pc\OneDrive\Documents\Project Intelligence Hub\dashboard.py","4535","4532-4543","Workbook\(","letters = load_letters_workbook()"
"1","Possible report reference","dashboard.py","C:\Users\pc\OneDrive\Documents\Project Intelligence Hub\dashboard.py","4537","4534-4545","report","report_control = pd.DataFrame([{"
"1","Possible report reference","dashboard.py","C:\Users\pc\OneDrive\Documents\Project Intelligence Hub\dashboard.py","4538","4535-4546","report","""Report Number"": ""RPT-001"","
"1","Possible report reference","dashboard.py","C:\Users\pc\OneDrive\Documents\Project Intelligence Hub\dashboard.py","4540","4537-4548","report","""Reporting Period"": pd.Timestamp.today().strftime(""%b %Y""),"
"1","Possible report reference","dashboard.py","C:\Users\pc\OneDrive\Documents\Project Intelligence Hub\dashboard.py","4851","4848-4859","report","""03 Report Control"": report_control,"
"1","Possible report reference","dashboard.py","C:\Users\pc\OneDrive\Documents\Project Intelligence Hub\dashboard.py","4878","4875-4886","openpyxl","require_openpyxl()"
"1","Possible report reference","dashboard.py","C:\Users\pc\OneDrive\Documents\Project Intelligence Hub\dashboard.py","4880","4877-4888","Workbook\(","wb = Workbook()"
"1","Possible report reference","dashboard.py","C:\Users\pc\OneDrive\Documents\Project Intelligence Hub\dashboard.py","4887","4884-4895","report","""03 Report Control"","
"1","Possible report reference","dashboard.py","C:\Users\pc\OneDrive\Documents\Project Intelligence Hub\dashboard.py","4921","4918-4929","report","_style_dashboard_sheet(ws, ""Detailed Progress Report"", ""Monthly executive dashboard/control tower linked to the unified data model"")"
"1","Possible report reference","dashboard.py","C:\Users\pc\OneDrive\Documents\Project Intelligence Hub\dashboard.py","4956","4953-4964","report","readme_text = """"""# Detailed Progress Report Package"
"1","Possible report reference","dashboard.py","C:\Users\pc\OneDrive\Documents\Project Intelligence Hub\dashboard.py","5011","5008-5019","report","<title>Detailed Progress Report</title>"
"1","Possible report reference","dashboard.py","C:\Users\pc\OneDrive\Documents\Project Intelligence Hub\dashboard.py","5043","5040-5051","report",".replace(""Detailed Progress Report</h1>"", ""Detailed Progress Report - Power BI Style</h1>"")"
"1","Possible report reference","dashboard.py","C:\Users\pc\OneDrive\Documents\Project Intelligence Hub\dashboard.py","5054","5051-5062","Document\(","doc = Document()"
"1","Possible report reference","dashboard.py","C:\Users\pc\OneDrive\Documents\Project Intelligence Hub\dashboard.py","5055","5052-5063","report","doc.add_heading(""Detailed Progress Report"", level=1)"
"1","Possible report reference","dashboard.py","C:\Users\pc\OneDrive\Documents\Project Intelligence Hub\dashboard.py","5271","5268-5279","Workbook\(","letters = load_letters_workbook()"
"1","Possible report reference","dashboard.py","C:\Users\pc\OneDrive\Documents\Project Intelligence Hub\dashboard.py","5784","5781-5792","output","output_columns = [""Direction"", ""Letter No."", ""Date"", ""Conclusion"", ""Delay Risk"", ""EOT Potential"", ""Claim Strength"", ""Match Score""]"
"1","Possible report reference","dashboard.py","C:\Users\pc\OneDrive\Documents\Project Intelligence Hub\dashboard.py","5785","5782-5793","Workbook\(","sheets = load_letters_workbook()"
"1","Possible report reference","dashboard.py","C:\Users\pc\OneDrive\Documents\Project Intelligence Hub\dashboard.py","5787","5784-5795","output","return pd.DataFrame(columns=output_columns)"
"1","Possible report reference","dashboard.py","C:\Users\pc\OneDrive\Documents\Project Intelligence Hub\dashboard.py","5791","5788-5799","output","return pd.DataFrame(columns=output_columns)"
"1","Possible report reference","dashboard.py","C:\Users\pc\OneDrive\Documents\Project Intelligence Hub\dashboard.py","5819","5816-5827","output","return pd.DataFrame(columns=output_columns)"
"1","Possible report reference","dashboard.py","C:\Users\pc\OneDrive\Documents\Project Intelligence Hub\dashboard.py","5831","5828-5839","openpyxl","if not OPENPYXL_AVAILABLE:"
"1","Possible report reference","dashboard.py","C:\Users\pc\OneDrive\Documents\Project Intelligence Hub\dashboard.py","5833","5830-5841","Workbook\(","wb = Workbook()"
"1","Possible report reference","dashboard.py","C:\Users\pc\OneDrive\Documents\Project Intelligence Hub\dashboard.py","5857","5854-5865","output","output = io.BytesIO()"
"1","Possible report reference","dashboard.py","C:\Users\pc\OneDrive\Documents\Project Intelligence Hub\dashboard.py","5859","5856-5867","output","return output.getvalue()"
"1","Possible report reference","dashboard.py","C:\Users\pc\OneDrive\Documents\Project Intelligence Hub\dashboard.py","7023","7020-7031","report","evidence = ""Weather logs, site diaries, delay notices, daily reports, schedule linkage."""
"1","Possible report reference","dashboard.py","C:\Users\pc\OneDrive\Documents\Project Intelligence Hub\dashboard.py","7027","7024-7035","report","evidence = ""Site handover records, letters, instructions, daily reports, P6 linkage."""
"1","Possible report reference","dashboard.py","C:\Users\pc\OneDrive\Documents\Project Intelligence Hub\dashboard.py","7349","7346-7357","report","{""Control Item"": ""Data date"", ""Recorded Value"": data_date, ""Why It Must Be Shown"": ""Must match the reporting cut-off for the TIA run.""},"
"1","Possible report reference","dashboard.py","C:\Users\pc\OneDrive\Documents\Project Intelligence Hub\dashboard.py","7357","7354-7365","output","{""Control Item"": ""Negative float"", ""Recorded Value"": ""Derived from current candidate / fragnet outputs only"", ""Why It Must Be Shown"": ""Supports the severity of affected activities.""},"
"1","Possible report reference","dashboard.py","C:\Users\pc\OneDrive\Documents\Project Intelligence Hub\dashboard.py","7820","7817-7828","output","""negative_float"": overrides.get(""negative_float"", control_lookup.get(""negative float"", ""Derived from current candidate / fragnet outputs only"")),"
"1","Possible report reference","dashboard.py","C:\Users\pc\OneDrive\Documents\Project Intelligence Hub\dashboard.py","7943","7940-7951","report","""<h1>Delay TIA Detailed Report</h1>"","
"1","Possible report reference","dashboard.py","C:\Users\pc\OneDrive\Documents\Project Intelligence Hub\dashboard.py","7946","7943-7954","report","delay_report_df.to_html(index=False, border=0),"
"1","Possible report reference","dashboard.py","C:\Users\pc\OneDrive\Documents\Project Intelligence Hub\dashboard.py","7975","7972-7983","report","""<html><head><meta charset='utf-8'><title>Delay TIA Detailed Report</title>"""
"1","Possible report reference","dashboard.py","C:\Users\pc\OneDrive\Documents\Project Intelligence Hub\dashboard.py","7984","7981-7992","output","output = io.BytesIO()"
"1","Possible report reference","dashboard.py","C:\Users\pc\OneDrive\Documents\Project Intelligence Hub\dashboard.py","7986","7983-7994","report","report_sheets = {"
"1","Possible report reference","dashboard.py","C:\Users\pc\OneDrive\Documents\Project Intelligence Hub\dashboard.py","8007","8004-8015","report","for sheet_name, frame in report_sheets.items():"
"1","Possible report reference","dashboard.py","C:\Users\pc\OneDrive\Documents\Project Intelligence Hub\dashboard.py","8012","8009-8020","output","output.seek(0)"
"1","Possible report reference","dashboard.py","C:\Users\pc\OneDrive\Documents\Project Intelligence Hub\dashboard.py","8013","8010-8021","output","return output.getvalue()"
"1","Possible report reference","dashboard.py","C:\Users\pc\OneDrive\Documents\Project Intelligence Hub\dashboard.py","8401","8398-8409","report","report_date = pd.Timestamp.today().strftime(""%d %b %Y"")"
"1","Possible report reference","dashboard.py","C:\Users\pc\OneDrive\Documents\Project Intelligence Hub\dashboard.py","8506","8503-8514","report","evm_html = printEVMHtml(project_title, report_date, evmData, rootCauseDf, mitigationDf, evmComments)"
"1","Possible report reference","dashboard.py","C:\Users\pc\OneDrive\Documents\Project Intelligence Hub\dashboard.py","8836","8833-8844","report","""fields_used"": ""Project name, baseline, impacted update, data date, claim position, parties, and report metadata"","
"1","Possible report reference","dashboard.py","C:\Users\pc\OneDrive\Documents\Project Intelligence Hub\dashboard.py","8837","8834-8845","output; report","""tia_use"": ""Project metadata and report context used to label and explain Delay TIA outputs."","
"1","Possible report reference","dashboard.py","C:\Users\pc\OneDrive\Documents\Project Intelligence Hub\dashboard.py","9333","9330-9341","openpyxl","elif not OPENPYXL_AVAILABLE:"
"1","Possible report reference","dashboard.py","C:\Users\pc\OneDrive\Documents\Project Intelligence Hub\dashboard.py","9340","9337-9348","output","st.warning(""Executive Delay TIA outputs are blocked until all required folder files are available."")"
"1","Possible report reference","dashboard.py","C:\Users\pc\OneDrive\Documents\Project Intelligence Hub\dashboard.py","9633","9630-9641","output; report","st.warning(""Delay TIA report outputs are blocked until all required Delay TIA files exist in `steel_delay_tia_templates`."")"
"1","Possible report reference","dashboard.py","C:\Users\pc\OneDrive\Documents\Project Intelligence Hub\dashboard.py","9646","9643-9654","output","st.markdown(""#### Delay TIA Output Pack"")"
"1","Possible report reference","dashboard.py","C:\Users\pc\OneDrive\Documents\Project Intelligence Hub\dashboard.py","9647","9644-9655","report","st.dataframe(delay_report_df, width=""stretch"", hide_index=True)"
"1","Possible report reference","dashboard.py","C:\Users\pc\OneDrive\Documents\Project Intelligence Hub\dashboard.py","9652","9649-9660","report","data=excel_report_bytes,"
"1","Possible report reference","dashboard.py","C:\Users\pc\OneDrive\Documents\Project Intelligence Hub\dashboard.py","9659","9656-9667","report","data=detailed_report_html.encode(""utf-8""),"
"1","Possible report reference","dashboard.py","C:\Users\pc\OneDrive\Documents\Project Intelligence Hub\dashboard.py","9666","9663-9674","to_csv","data=primavera_fragnet_df.to_csv(index=False).encode(""utf-8"") if not primavera_fragnet_df.empty else b"""","
"1","Possible report reference","dashboard.py","C:\Users\pc\OneDrive\Documents\Project Intelligence Hub\dashboard.py","9674","9671-9682","to_csv; report","data=delay_report_df.to_csv(index=False).encode(""utf-8""),"
"1","Possible report reference","dashboard.py","C:\Users\pc\OneDrive\Documents\Project Intelligence Hub\dashboard.py","9695","9692-9703","report","report_source_frames = {"
"1","Possible report reference","dashboard.py","C:\Users\pc\OneDrive\Documents\Project Intelligence Hub\dashboard.py","9696","9693-9704","report","""Delay Event Register"": default_report_context[""delay_event_register_df""],"
"1","Possible report reference","dashboard.py","C:\Users\pc\OneDrive\Documents\Project Intelligence Hub\dashboard.py","9697","9694-9705","report","""Fragnet Register"": default_report_context[""fragnet_register_df""],"
"1","Possible report reference","dashboard.py","C:\Users\pc\OneDrive\Documents\Project Intelligence Hub\dashboard.py","9698","9695-9706","report","""Impact Calculation Table"": default_report_context[""impact_calculation_df""],"
"1","Possible report reference","dashboard.py","C:\Users\pc\OneDrive\Documents\Project Intelligence Hub\dashboard.py","9699","9696-9707","report","""Affected Activities / Criticality Table"": default_report_context[""activity_impact_df""],"
"1","Possible report reference","dashboard.py","C:\Users\pc\OneDrive\Documents\Project Intelligence Hub\dashboard.py","9700","9697-9708","report","""Causation / Concurrency / Entitlement Matrix"": default_report_context[""causation_matrix_df""],"
"1","Possible report reference","dashboard.py","C:\Users\pc\OneDrive\Documents\Project Intelligence Hub\dashboard.py","9701","9698-9709","report","""Evidence Checklist"": default_report_context[""evidence_register_df""],"
"1","Possible report reference","dashboard.py","C:\Users\pc\OneDrive\Documents\Project Intelligence Hub\dashboard.py","9702","9699-9710","report","""Data Readiness Matrix"": default_report_context[""readiness_matrix_df""],"
"1","Possible report reference","dashboard.py","C:\Users\pc\OneDrive\Documents\Project Intelligence Hub\dashboard.py","9703","9700-9711","report","""P6 Control Sheet"": default_report_context[""p6_controls_df""],"
"1","Possible report reference","dashboard.py","C:\Users\pc\OneDrive\Documents\Project Intelligence Hub\dashboard.py","9706","9703-9714","report","st.markdown(""#### Report Generator"")"
"1","Possible report reference","dashboard.py","C:\Users\pc\OneDrive\Documents\Project Intelligence Hub\dashboard.py","9707","9704-9715","report","st.subheader(""Time Impact Analysis Report | Director Pack"")"
"1","Possible report reference","dashboard.py","C:\Users\pc\OneDrive\Documents\Project Intelligence Hub\dashboard.py","9708","9705-9716","report","template_status_col, last_report_col, completion_col, source_status_col = st.columns(4)"
"1","Possible report reference","dashboard.py","C:\Users\pc\OneDrive\Documents\Project Intelligence Hub\dashboard.py","9715","9712-9723","report","value=default_report_context[""project_name""],"
"1","Possible report reference","dashboard.py","C:\Users\pc\OneDrive\Documents\Project Intelligence Hub\dashboard.py","9720","9717-9728","report","value=default_report_context[""contract_no""],"
"1","Possible report reference","dashboard.py","C:\Users\pc\OneDrive\Documents\Project Intelligence Hub\dashboard.py","9725","9722-9733","report","value=default_report_context[""revision""],"
"1","Possible report reference","dashboard.py","C:\Users\pc\OneDrive\Documents\Project Intelligence Hub\dashboard.py","9730","9727-9738","report","default_data_date = pd.to_datetime(default_report_context[""data_date""], errors=""coerce"")"
"1","Possible report reference","dashboard.py","C:\Users\pc\OneDrive\Documents\Project Intelligence Hub\dashboard.py","9738","9735-9746","report","value=default_report_context[""employer""],"
"1","Possible report reference","dashboard.py","C:\Users\pc\OneDrive\Documents\Project Intelligence Hub\dashboard.py","9743","9740-9751","report","value=default_report_context[""contractor""],"
"1","Possible report reference","dashboard.py","C:\Users\pc\OneDrive\Documents\Project Intelligence Hub\dashboard.py","9750","9747-9758","report","value=default_report_context[""contract_form_clause""],"
"1","Possible report reference","dashboard.py","C:\Users\pc\OneDrive\Documents\Project Intelligence Hub\dashboard.py","9755","9752-9763","report","value=default_report_context[""accepted_baseline_programme""],"
"1","Possible report reference","dashboard.py","C:\Users\pc\OneDrive\Documents\Project Intelligence Hub\dashboard.py","9762","9759-9770","report","value=default_report_context[""impacted_update_programme""],"
"1","Possible report reference","dashboard.py","C:\Users\pc\OneDrive\Documents\Project Intelligence Hub\dashboard.py","9767","9764-9775","report","value=default_report_context[""calendar_basis""],"
"1","Possible report reference","dashboard.py","C:\Users\pc\OneDrive\Documents\Project Intelligence Hub\dashboard.py","9774","9771-9782","report","value=default_report_context[""schedule_file_name""],"
"1","Possible report reference","dashboard.py","C:\Users\pc\OneDrive\Documents\Project Intelligence Hub\dashboard.py","9779","9776-9787","report","value=default_report_context[""schedule_options""],"
"1","Possible report reference","dashboard.py","C:\Users\pc\OneDrive\Documents\Project Intelligence Hub\dashboard.py","9786","9783-9794","report","value=default_report_context[""critical_path_basis""],"
"1","Possible report reference","dashboard.py","C:\Users\pc\OneDrive\Documents\Project Intelligence Hub\dashboard.py","9791","9788-9799","report","value=default_report_context[""retained_logic_setting""],"
"1","Possible report reference","dashboard.py","C:\Users\pc\OneDrive\Documents\Project Intelligence Hub\dashboard.py","9798","9795-9806","report","value=default_report_context[""out_of_sequence_treatment""],"
"1","Possible report reference","dashboard.py","C:\Users\pc\OneDrive\Documents\Project Intelligence Hub\dashboard.py","9803","9800-9811","report","value=default_report_context[""constraints""],"
"1","Possible report reference","dashboard.py","C:\Users\pc\OneDrive\Documents\Project Intelligence Hub\dashboard.py","9811","9808-9819","report","value=default_report_context[""calendars""],"
"1","Possible report reference","dashboard.py","C:\Users\pc\OneDrive\Documents\Project Intelligence Hub\dashboard.py","9816","9813-9824","report","value=default_report_context[""open_ends""],"
"1","Possible report reference","dashboard.py","C:\Users\pc\OneDrive\Documents\Project Intelligence Hub\dashboard.py","9821","9818-9829","report","value=default_report_context[""negative_float""],"
"1","Possible report reference","dashboard.py","C:\Users\pc\OneDrive\Documents\Project Intelligence Hub\dashboard.py","9827","9824-9835","report","list(report_source_frames.keys()),"
"1","Possible report reference","dashboard.py","C:\Users\pc\OneDrive\Documents\Project Intelligence Hub\dashboard.py","9828","9825-9836","report","default=list(report_source_frames.keys()),"
"1","Possible report reference","dashboard.py","C:\Users\pc\OneDrive\Documents\Project Intelligence Hub\dashboard.py","9837","9834-9845","report","current_report_inputs = {"
"1","Possible report reference","dashboard.py","C:\Users\pc\OneDrive\Documents\Project Intelligence Hub\dashboard.py","9858","9855-9866","report","completion_pct, missing_required_fields = compute_required_fields_completion(current_report_inputs)"
"1","Possible report reference","dashboard.py","C:\Users\pc\OneDrive\Documents\Project Intelligence Hub\dashboard.py","9876","9873-9884","report","active_project_context.reports_path,"
"1","Possible report reference","dashboard.py","C:\Users\pc\OneDrive\Documents\Project Intelligence Hub\dashboard.py","9883","9880-9891","report","**current_report_inputs,"
"1","Possible report reference","dashboard.py","C:\Users\pc\OneDrive\Documents\Project Intelligence Hub\dashboard.py","9932","9929-9940","output","sync_ok, sync_output = run_repository_sync_once()"
"1","Possible report reference","dashboard.py","C:\Users\pc\OneDrive\Documents\Project Intelligence Hub\dashboard.py","9939","9936-9947","output","if sync_output:"
"1","Possible report reference","dashboard.py","C:\Users\pc\OneDrive\Documents\Project Intelligence Hub\dashboard.py","9940","9937-9948","output","st.code(sync_output, language=""text"")"
"1","Possible report reference","dashboard.py","C:\Users\pc\OneDrive\Documents\Project Intelligence Hub\dashboard.py","9959","9956-9967","output","output_mode = st.radio("
"1","Possible report reference","dashboard.py","C:\Users\pc\OneDrive\Documents\Project Intelligence Hub\dashboard.py","9960","9957-9968","output","""Choose dashboard output"","
"1","Possible report reference","dashboard.py","C:\Users\pc\OneDrive\Documents\Project Intelligence Hub\dashboard.py","9965","9962-9973","report","""Detailed Progress report"","
"1","Possible report reference","dashboard.py","C:\Users\pc\OneDrive\Documents\Project Intelligence Hub\dashboard.py","9993","9990-10001","output","output_project_slug = re.sub(r""[^A-Za-z0-9._-]+"", ""_"", active_project_id or ""all_projects"").strip(""_"")"
"1","Possible report reference","dashboard.py","C:\Users\pc\OneDrive\Documents\Project Intelligence Hub\dashboard.py","9994","9991-10002","output","if output_mode == ""Executive dashboard"":"
"1","Possible report reference","dashboard.py","C:\Users\pc\OneDrive\Documents\Project Intelligence Hub\dashboard.py","10014","10011-10022","output","elif output_mode == ""Original presentation print-only"":"
"1","Possible report reference","dashboard.py","C:\Users\pc\OneDrive\Documents\Project Intelligence Hub\dashboard.py","10050","10047-10058","output","elif output_mode == ""Linked executive dashboard"":"
"1","Possible report reference","dashboard.py","C:\Users\pc\OneDrive\Documents\Project Intelligence Hub\dashboard.py","10073","10070-10081","report","linked_report_date = pd.Timestamp.today().strftime(""%d %b %Y"")"
"1","Possible report reference","dashboard.py","C:\Users\pc\OneDrive\Documents\Project Intelligence Hub\dashboard.py","10138","10135-10146","report","evm_html = printEVMHtml(linked_project_title, linked_report_date, linked_evmData, rootCauseDf, mitigationDf, evmComments)"
"1","Possible report reference","dashboard.py","C:\Users\pc\OneDrive\Documents\Project Intelligence Hub\dashboard.py","10227","10224-10235","output; report","elif output_mode == ""Detailed Progress report"":"
"1","Possible report reference","dashboard.py","C:\Users\pc\OneDrive\Documents\Project Intelligence Hub\dashboard.py","10228","10225-10236","openpyxl","if not OPENPYXL_AVAILABLE:"
"1","Possible report reference","dashboard.py","C:\Users\pc\OneDrive\Documents\Project Intelligence Hub\dashboard.py","10230","10227-10238","openpyxl","st.code(""pip install openpyxl"", language=""powershell"")"
"1","Possible report reference","dashboard.py","C:\Users\pc\OneDrive\Documents\Project Intelligence Hub\dashboard.py","10245","10242-10253","report","""03 Report Control"","
"1","Possible report reference","dashboard.py","C:\Users\pc\OneDrive\Documents\Project Intelligence Hub\dashboard.py","10281","10278-10289","report","if report_assumptions:"
"1","Possible report reference","dashboard.py","C:\Users\pc\OneDrive\Documents\Project Intelligence Hub\dashboard.py","10283","10280-10291","report","st.dataframe(pd.DataFrame({""Assumption / Limitation"": report_assumptions}), width=""stretch"", hide_index=True, height=dataframe_height(pd.DataFrame({""Assumption / Limitation"": report_assumptions}), max_height=320))"
"1","Possible report reference","dashboard.py","C:\Users\pc\OneDrive\Documents\Project Intelligence Hub\dashboard.py","10358","10355-10366","report","st.markdown(report_readme)"
"1","Possible report reference","dashboard.py","C:\Users\pc\OneDrive\Documents\Project Intelligence Hub\dashboard.py","10711","10708-10719","report","""Daily Reports"","
"1","Possible report reference","dashboard.py","C:\Users\pc\OneDrive\Documents\Project Intelligence Hub\dashboard.py","10712","10709-10720","report","""Weekly Reports"","
"1","Possible report reference","dashboard.py","C:\Users\pc\OneDrive\Documents\Project Intelligence Hub\dashboard.py","10882","10879-10890","openpyxl","if OPENPYXL_AVAILABLE and not contract_clauses_df.empty:"
"1","Possible report reference","dashboard.py","C:\Users\pc\OneDrive\Documents\Project Intelligence Hub\dashboard.py","10890","10887-10898","to_csv","evidence_matrix_csv = contract_evidence_mappings_df.to_csv(index=False).encode(""utf-8"")"
"1","Possible report reference","data_lineage.json","C:\Users\pc\OneDrive\Documents\Project Intelligence Hub\data_lineage.json","15","12-23","output","""output_file_where_used"": ""All tabs"","
"1","Possible report reference","data_lineage.json","C:\Users\pc\OneDrive\Documents\Project Intelligence Hub\data_lineage.json","34","31-42","output","""output_file_where_used"": ""Streamlit Decision Making dashboard"","
"1","Possible report reference","data_lineage.json","C:\Users\pc\OneDrive\Documents\Project Intelligence Hub\data_lineage.json","53","50-61","output","""output_file_where_used"": ""Streamlit Decision Making dashboard"","
"1","Possible report reference","data_lineage.json","C:\Users\pc\OneDrive\Documents\Project Intelligence Hub\data_lineage.json","72","69-80","output","""output_file_where_used"": ""Streamlit Decision Making dashboard"","
"1","Possible report reference","data_lineage.json","C:\Users\pc\OneDrive\Documents\Project Intelligence Hub\data_lineage.json","91","88-99","output","""output_file_where_used"": ""Streamlit Decision Making dashboard"","
"1","Possible report reference","data_lineage.json","C:\Users\pc\OneDrive\Documents\Project Intelligence Hub\data_lineage.json","480","477-488","output","""displayed_field_kpi_chart_or_table"": ""DOCX/HTML/CSV/Primavera outputs"","
"1","Possible report reference","data_lineage.json","C:\Users\pc\OneDrive\Documents\Project Intelligence Hub\data_lineage.json","490","487-498","output","""output_file_where_used"": ""projects/{project_folder_name}/10-deliverables"","
"1","Possible report reference","data_lineage.json","C:\Users\pc\OneDrive\Documents\Project Intelligence Hub\data_lineage.json","528","525-536","output","""output_file_where_used"": ""projects/{project_folder_name}/11-outputs"","
"1","Possible report reference","data_lineage.json","C:\Users\pc\OneDrive\Documents\Project Intelligence Hub\data_lineage.json","556","553-564","pptx; output","""displayed_field_kpi_chart_or_table"": ""HTML/PPTX/A3/EVM outputs"","
"1","Possible report reference","data_lineage.json","C:\Users\pc\OneDrive\Documents\Project Intelligence Hub\data_lineage.json","574","571-582","report","""section_name"": ""Detailed Progress report"","
"1","Possible report reference","data_lineage.json","C:\Users\pc\OneDrive\Documents\Project Intelligence Hub\data_lineage.json","581","578-589","report","""source_columns"": ""report control, project, activities, schedule, cost, risk, correspondence"","
"1","Possible report reference","data_lineage.json","C:\Users\pc\OneDrive\Documents\Project Intelligence Hub\data_lineage.json","593","590-601","report","""section_name"": ""Logo and report identity"","
"1","Possible report reference","dr.ps1","C:\Users\pc\OneDrive\Documents\Project Intelligence Hub\dr.ps1","13","10-21","report_generator; output; report","$OutputFolder = Join-Path $ProjectPath ""Report_Generator_Audit"""
"1","Possible report reference","dr.ps1","C:\Users\pc\OneDrive\Documents\Project Intelligence Hub\dr.ps1","14","11-22","output","New-Item -ItemType Directory -Path $OutputFolder -Force | Out-Null"
"1","Possible report reference","dr.ps1","C:\Users\pc\OneDrive\Documents\Project Intelligence Hub\dr.ps1","17","14-25","report_generator; output; report","$TxtFile = Join-Path $OutputFolder ""Report_Generator_Analysis.txt"""
"1","Possible report reference","dr.ps1","C:\Users\pc\OneDrive\Documents\Project Intelligence Hub\dr.ps1","29","26-37","report_generator; report","""site-packages"", ""Report_Generator_Audit"""
"1","Possible report reference","dr.ps1","C:\Users\pc\OneDrive\Documents\Project Intelligence Hub\dr.ps1","41","38-49","report_generator; report","""report_generator"","
"1","Possible report reference","dr.ps1","C:\Users\pc\OneDrive\Documents\Project Intelligence Hub\dr.ps1","42","39-50","report_type; report","""report_type"","
"1","Possible report reference","dr.ps1","C:\Users\pc\OneDrive\Documents\Project Intelligence Hub\dr.ps1","43","40-51","report_name; report","""report_name"","
"1","Possible report reference","dr.ps1","C:\Users\pc\OneDrive\Documents\Project Intelligence Hub\dr.ps1","44","41-52","report_title; report","""report_title"","
"1","Possible report reference","dr.ps1","C:\Users\pc\OneDrive\Documents\Project Intelligence Hub\dr.ps1","45","42-53","report_sections; report","""report_sections"","
"1","Possible report reference","dr.ps1","C:\Users\pc\OneDrive\Documents\Project Intelligence Hub\dr.ps1","51","48-59","to_excel","""to_excel"","
"1","Possible report reference","dr.ps1","C:\Users\pc\OneDrive\Documents\Project Intelligence Hub\dr.ps1","52","49-60","to_csv","""to_csv"","
"1","Possible report reference","dr.ps1","C:\Users\pc\OneDrive\Documents\Project Intelligence Hub\dr.ps1","56","53-64","PdfPages","""PdfPages"","
"1","Possible report reference","dr.ps1","C:\Users\pc\OneDrive\Documents\Project Intelligence Hub\dr.ps1","57","54-65","reportlab; report","""reportlab"","
"1","Possible report reference","dr.ps1","C:\Users\pc\OneDrive\Documents\Project Intelligence Hub\dr.ps1","58","55-66","python-docx","""python-docx"","
"1","Possible report reference","dr.ps1","C:\Users\pc\OneDrive\Documents\Project Intelligence Hub\dr.ps1","59","56-67","docxtpl","""docxtpl"","
"1","Possible report reference","dr.ps1","C:\Users\pc\OneDrive\Documents\Project Intelligence Hub\dr.ps1","60","57-68","openpyxl","""openpyxl"","
"1","Possible report reference","dr.ps1","C:\Users\pc\OneDrive\Documents\Project Intelligence Hub\dr.ps1","62","59-70","python-pptx; pptx","""python-pptx"","
"1","Possible report reference","dr.ps1","C:\Users\pc\OneDrive\Documents\Project Intelligence Hub\dr.ps1","63","60-71","pptx","""pptx"","
"1","Possible report reference","dr.ps1","C:\Users\pc\OneDrive\Documents\Project Intelligence Hub\dr.ps1","64","61-72","weasyprint","""weasyprint"","
"1","Possible report reference","dr.ps1","C:\Users\pc\OneDrive\Documents\Project Intelligence Hub\dr.ps1","65","62-73","wkhtmltopdf","""wkhtmltopdf"","
"1","Possible report reference","dr.ps1","C:\Users\pc\OneDrive\Documents\Project Intelligence Hub\dr.ps1","66","63-74","pdfkit","""pdfkit"""
"1","Possible report reference","dr.ps1","C:\Users\pc\OneDrive\Documents\Project Intelligence Hub\dr.ps1","69","66-77","output","$OutputPatterns = @("
"1","Possible report reference","dr.ps1","C:\Users\pc\OneDrive\Documents\Project Intelligence Hub\dr.ps1","82","79-90","output","""output"","
"1","Possible report reference","dr.ps1","C:\Users\pc\OneDrive\Documents\Project Intelligence Hub\dr.ps1","83","80-91","report","""report"""
"1","Possible report reference","dr.ps1","C:\Users\pc\OneDrive\Documents\Project Intelligence Hub\dr.ps1","150","147-158","output","foreach ($Pattern in $OutputPatterns) {"
"1","Possible report reference","dr.ps1","C:\Users\pc\OneDrive\Documents\Project Intelligence Hub\dr.ps1","157","154-165","report","$Category = ""Possible report reference"""
"1","Possible report reference","dr.ps1","C:\Users\pc\OneDrive\Documents\Project Intelligence Hub\dr.ps1","170","167-178","pptx","if ($Line -match ""\.(pdf|docx|xlsx|xls|pptx|html|htm|csv|svg|png|jpg|jpeg)"") {"
"1","Possible report reference","PROJECT_DOCTOR.ps1","C:\Users\pc\OneDrive\Documents\Project Intelligence Hub\PROJECT_DOCTOR.ps1","5","2-13","report","$Out = ""$ProjectRoot\PROJECT_DOCTOR_REPORT_$Stamp.txt"""
"1","Possible report reference","PROJECT_DOCTOR.ps1","C:\Users\pc\OneDrive\Documents\Project Intelligence Hub\PROJECT_DOCTOR.ps1","27","24-35","report","""===== PROJECT DOCTOR REPORT ====="" | Out-File $Out -Encoding utf8"
"1","Possible report reference","PROJECT_DOCTOR.ps1","C:\Users\pc\OneDrive\Documents\Project Intelligence Hub\PROJECT_DOCTOR.ps1","31","28-39","output","Add-CommandOutput ""PYTHON"" { python --version }"
"1","Possible report reference","PROJECT_DOCTOR.ps1","C:\Users\pc\OneDrive\Documents\Project Intelligence Hub\PROJECT_DOCTOR.ps1","32","29-40","output","Add-CommandOutput ""PIP"" { python -m pip --version }"
"1","Possible report reference","PROJECT_DOCTOR.ps1","C:\Users\pc\OneDrive\Documents\Project Intelligence Hub\PROJECT_DOCTOR.ps1","33","30-41","output","Add-CommandOutput ""STREAMLIT"" { python -m streamlit --version }"
"1","Possible report reference","PROJECT_DOCTOR.ps1","C:\Users\pc\OneDrive\Documents\Project Intelligence Hub\PROJECT_DOCTOR.ps1","44","41-52","report","""reports\tia_director_pack_generator.py"","
"1","Possible report reference","PROJECT_DOCTOR.ps1","C:\Users\pc\OneDrive\Documents\Project Intelligence Hub\PROJECT_DOCTOR.ps1","87","84-95","reportlab; openpyxl; pptx; report","""modules = ['streamlit','pandas','plotly','docx','openpyxl','pptx','reportlab','openai','numpy','pypdf']"","
"1","Possible report reference","PROJECT_DOCTOR.ps1","C:\Users\pc\OneDrive\Documents\Project Intelligence Hub\PROJECT_DOCTOR.ps1","100","97-108","output","Add-CommandOutput ""GIT STATUS - READ ONLY"" { git status --short --branch }"
"1","Possible report reference","PROJECT_DOCTOR.ps1","C:\Users\pc\OneDrive\Documents\Project Intelligence Hub\PROJECT_DOCTOR.ps1","101","98-109","output","Add-CommandOutput ""REMOTES - READ ONLY"" { git remote -v }"
"1","Possible report reference","reports\__init__.py","C:\Users\pc\OneDrive\Documents\Project Intelligence Hub\reports\__init__.py","2","1-10","report_type; report","REPORT_TYPE_TIA_DIRECTOR_PACK,"
"1","Possible report reference","reports\__init__.py","C:\Users\pc\OneDrive\Documents\Project Intelligence Hub\reports\__init__.py","10","7-15","report_type; report","""REPORT_TYPE_TIA_DIRECTOR_PACK"","
"1","Possible report reference","reports\project_control_report.html","C:\Users\pc\OneDrive\Documents\Project Intelligence Hub\reports\project_control_report.html","5","2-13","report","<title>Project Control Report</title>"
"1","Possible report reference","reports\project_control_report.html","C:\Users\pc\OneDrive\Documents\Project Intelligence Hub\reports\project_control_report.html","21","18-29","report","<h1>Construction Project Control and Contract Management Report</h1>"
"1","Possible report reference","reports\tia_director_pack_generator.py","C:\Users\pc\OneDrive\Documents\Project Intelligence Hub\reports\tia_director_pack_generator.py","37","34-45","output","DEFAULT_OUTPUT_DIR = APP_DIR / ""11-outputs"""
"1","Possible report reference","reports\tia_director_pack_generator.py","C:\Users\pc\OneDrive\Documents\Project Intelligence Hub\reports\tia_director_pack_generator.py","39","36-47","report_type; report","REPORT_TYPE_TIA_DIRECTOR_PACK = ""Time Impact Analysis Report | Director Pack"""
"1","Possible report reference","reports\tia_director_pack_generator.py","C:\Users\pc\OneDrive\Documents\Project Intelligence Hub\reports\tia_director_pack_generator.py","71","68-79","output","output_id INTEGER PRIMARY KEY AUTOINCREMENT,"
"1","Possible report reference","reports\tia_director_pack_generator.py","C:\Users\pc\OneDrive\Documents\Project Intelligence Hub\reports\tia_director_pack_generator.py","72","69-80","report_type; report","report_type TEXT NOT NULL,"
"1","Possible report reference","reports\tia_director_pack_generator.py","C:\Users\pc\OneDrive\Documents\Project Intelligence Hub\reports\tia_director_pack_generator.py","100","97-108","report_type; report","WHERE report_type = ?"
"1","Possible report reference","reports\tia_director_pack_generator.py","C:\Users\pc\OneDrive\Documents\Project Intelligence Hub\reports\tia_director_pack_generator.py","101","98-109","output","ORDER BY output_id DESC"
"1","Possible report reference","reports\tia_director_pack_generator.py","C:\Users\pc\OneDrive\Documents\Project Intelligence Hub\reports\tia_director_pack_generator.py","104","101-112","report_type; report","(report_type,),"
"1","Possible report reference","reports\tia_director_pack_generator.py","C:\Users\pc\OneDrive\Documents\Project Intelligence Hub\reports\tia_director_pack_generator.py","120","117-128","report_type; report","payload.get(""report_type"", REPORT_TYPE_TIA_DIRECTOR_PACK),"
"1","Possible report reference","reports\tia_director_pack_generator.py","C:\Users\pc\OneDrive\Documents\Project Intelligence Hub\reports\tia_director_pack_generator.py","270","267-278","output","self.output_dir = Path(output_dir)"
"1","Possible report reference","reports\tia_director_pack_generator.py","C:\Users\pc\OneDrive\Documents\Project Intelligence Hub\reports\tia_director_pack_generator.py","275","272-283","python-docx","raise RuntimeError(""python-docx is not installed."")"
"1","Possible report reference","reports\tia_director_pack_generator.py","C:\Users\pc\OneDrive\Documents\Project Intelligence Hub\reports\tia_director_pack_generator.py","278","275-286","output","self.output_dir.mkdir(parents=True, exist_ok=True)"
"1","Possible report reference","reports\tia_director_pack_generator.py","C:\Users\pc\OneDrive\Documents\Project Intelligence Hub\reports\tia_director_pack_generator.py","283","280-291","Document\(; output","doc = Document(output_path)"
"1","Possible report reference","reports\tia_director_pack_generator.py","C:\Users\pc\OneDrive\Documents\Project Intelligence Hub\reports\tia_director_pack_generator.py","289","286-297","output","self._log_generation(context, output_path)"
"1","Possible report reference","reports\tia_director_pack_generator.py","C:\Users\pc\OneDrive\Documents\Project Intelligence Hub\reports\tia_director_pack_generator.py","290","287-298","output","return output_path"
"1","Possible report reference","reports\tia_director_pack_generator.py","C:\Users\pc\OneDrive\Documents\Project Intelligence Hub\reports\tia_director_pack_generator.py","394","391-402","output","output_path = self.output_dir / file_name"
"1","Possible report reference","reports\tia_director_pack_generator.py","C:\Users\pc\OneDrive\Documents\Project Intelligence Hub\reports\tia_director_pack_generator.py","395","392-403","output","shutil.copy2(self.template_path, output_path)"
"1","Possible report reference","reports\tia_director_pack_generator.py","C:\Users\pc\OneDrive\Documents\Project Intelligence Hub\reports\tia_director_pack_generator.py","396","393-404","output","return output_path"
"1","Possible report reference","reports\tia_director_pack_generator.py","C:\Users\pc\OneDrive\Documents\Project Intelligence Hub\reports\tia_director_pack_generator.py","400","397-408","report_type; report","""report_type"": REPORT_TYPE_TIA_DIRECTOR_PACK,"
"1","Possible report reference","reports\tia_director_pack_generator.py","C:\Users\pc\OneDrive\Documents\Project Intelligence Hub\reports\tia_director_pack_generator.py","401","398-409","output","""file_name"": output_path.name,"
"1","Possible report reference","reports\tia_director_pack_generator.py","C:\Users\pc\OneDrive\Documents\Project Intelligence Hub\reports\tia_director_pack_generator.py","402","399-410","output","""file_path"": str(output_path),"
"1","Possible report reference","reports\tia_director_pack_generator.py","C:\Users\pc\OneDrive\Documents\Project Intelligence Hub\reports\tia_director_pack_generator.py","416","413-417","output","generator = TIADirectorPackGenerator(DEFAULT_TEMPLATE_PATH, output_dir, context.get(""db_path"", DEFAULT_DB_PATH))"
"1","Possible report reference","reports\word_template_exporter.py","C:\Users\pc\OneDrive\Documents\Project Intelligence Hub\reports\word_template_exporter.py","14","11-22","output","return cleaned or ""output"""
"1","Possible report reference","scripts\evaluate_contract_letters.py","C:\Users\pc\OneDrive\Documents\Project Intelligence Hub\scripts\evaluate_contract_letters.py","34","31-42","output","SCORE_LOG = OUTPUT_DIR / ""score_log.jsonl"""
"1","Possible report reference","scripts\evaluate_contract_letters.py","C:\Users\pc\OneDrive\Documents\Project Intelligence Hub\scripts\evaluate_contract_letters.py","38","35-46","Document\(","doc = Document(path)"
"1","Possible report reference","scripts\evaluate_contract_letters.py","C:\Users\pc\OneDrive\Documents\Project Intelligence Hub\scripts\evaluate_contract_letters.py","280","277-288","Workbook\(","letters_path, letters_book = load_letters_workbook()"
"1","Possible report reference","scripts\evaluate_contract_letters.py","C:\Users\pc\OneDrive\Documents\Project Intelligence Hub\scripts\evaluate_contract_letters.py","319","316-327","output","""## Contract Question Output"","
"1","Possible report reference","scripts\evaluate_contract_letters.py","C:\Users\pc\OneDrive\Documents\Project Intelligence Hub\scripts\evaluate_contract_letters.py","333","330-341","output","""## Client Rebuttal Output"","
"1","Possible report reference","scripts\evaluate_contract_letters.py","C:\Users\pc\OneDrive\Documents\Project Intelligence Hub\scripts\evaluate_contract_letters.py","342","339-350","output","""## Claim Draft Output"","
"1","Possible report reference","scripts\evaluate_contract_letters.py","C:\Users\pc\OneDrive\Documents\Project Intelligence Hub\scripts\evaluate_contract_letters.py","389","386-397","output","output_text = artifact_text.split(""## Methodology Text Evidence"", 1)[0]"
"1","Possible report reference","scripts\evaluate_contract_letters.py","C:\Users\pc\OneDrive\Documents\Project Intelligence Hub\scripts\evaluate_contract_letters.py","460","457-468","output","(""risk/eot subjects visible"", contains_any(output_text, [""delay"", ""eot"", ""claim"", ""rfi"", ""ifc"", ""critical""]), 6),"
"1","Possible report reference","scripts\evaluate_contract_letters.py","C:\Users\pc\OneDrive\Documents\Project Intelligence Hub\scripts\evaluate_contract_letters.py","465","462-473","output","(""mentions notices and time-bar"", contains_any(output_text, [""notice"", ""time-bar"", ""time bar""]), 10),"
"1","Possible report reference","scripts\evaluate_contract_letters.py","C:\Users\pc\OneDrive\Documents\Project Intelligence Hub\scripts\evaluate_contract_letters.py","466","463-474","output","(""mentions entitlement"", contains_any(output_text, [""entitlement"", ""entitled""]), 10),"
"1","Possible report reference","scripts\evaluate_contract_letters.py","C:\Users\pc\OneDrive\Documents\Project Intelligence Hub\scripts\evaluate_contract_letters.py","467","464-475","output","(""mentions critical path or longest path"", contains_any(output_text, [""critical path"", ""longest path"", ""programme impact""]), 12),"
"1","Possible report reference","scripts\evaluate_contract_letters.py","C:\Users\pc\OneDrive\Documents\Project Intelligence Hub\scripts\evaluate_contract_letters.py","468","465-476","output","(""mentions TIA/window methodology"", contains_any(output_text, [""tia"", ""window"", ""time impact"", ""cpm""]), 12),"
"1","Possible report reference","scripts\evaluate_contract_letters.py","C:\Users\pc\OneDrive\Documents\Project Intelligence Hub\scripts\evaluate_contract_letters.py","469","466-477","output","(""mentions concurrency/contractor delay"", contains_any(output_text, [""concurrent"", ""contractor delay"", ""contractor-caused""]), 10),"
"1","Possible report reference","scripts\evaluate_contract_letters.py","C:\Users\pc\OneDrive\Documents\Project Intelligence Hub\scripts\evaluate_contract_letters.py","470","467-478","output","(""mentions causation/cause and effect"", contains_any(output_text, [""cause and effect"", ""causation"", ""causal""]), 10),"
"1","Possible report reference","scripts\evaluate_contract_letters.py","C:\Users\pc\OneDrive\Documents\Project Intelligence Hub\scripts\evaluate_contract_letters.py","471","468-479","output","(""mentions contemporaneous records/evidence"", contains_any(output_text, [""contemporaneous"", ""records"", ""evidence""]), 10),"
"1","Possible report reference","scripts\evaluate_contract_letters.py","C:\Users\pc\OneDrive\Documents\Project Intelligence Hub\scripts\evaluate_contract_letters.py","472","469-480","output","(""mentions cost substantiation"", contains_any(output_text, [""cost"", ""valuation"", ""quantum"", ""payment""]), 8),"
"1","Possible report reference","scripts\evaluate_contract_letters.py","C:\Users\pc\OneDrive\Documents\Project Intelligence Hub\scripts\evaluate_contract_letters.py","473","470-481","output","(""mentions client rejection/rebuttal"", contains_any(output_text, [""rejection"", ""rebuttal"", ""client defense""]), 10),"
"1","Possible report reference","scripts\evaluate_contract_letters.py","C:\Users\pc\OneDrive\Documents\Project Intelligence Hub\scripts\evaluate_contract_letters.py","474","471-482","output","(""mentions attachments/checklist"", contains_any(output_text, [""attachment"", ""checklist""]), 8),"
"1","Possible report reference","scripts\evaluate_contract_letters.py","C:\Users\pc\OneDrive\Documents\Project Intelligence Hub\scripts\evaluate_contract_letters.py","479","476-487","output; report","(""answer is report-grade length"", len(output_text) > 8000, 12),"
"1","Possible report reference","scripts\evaluate_contract_letters.py","C:\Users\pc\OneDrive\Documents\Project Intelligence Hub\scripts\evaluate_contract_letters.py","480","477-488","output","(""clear decision/risk/evidence labels"", contains_any(output_text, [""Decision:"", ""Risk:"", ""Evidence strength:""]), 12),"
"1","Possible report reference","scripts\evaluate_contract_letters.py","C:\Users\pc\OneDrive\Documents\Project Intelligence Hub\scripts\evaluate_contract_letters.py","481","478-489","output","(""includes missing evidence"", contains_any(output_text, [""Missing evidence"", ""Potential entitlement exists, but evidence is incomplete""]), 10),"
"1","Possible report reference","scripts\evaluate_contract_letters.py","C:\Users\pc\OneDrive\Documents\Project Intelligence Hub\scripts\evaluate_contract_letters.py","482","479-490","output","(""separates entitlement/proof/schedule/cost"", contains_any(output_text, [""entitlement"", ""proof"", ""programme impact"", ""cost substantiation""]), 14),"
"1","Possible report reference","scripts\evaluate_contract_letters.py","C:\Users\pc\OneDrive\Documents\Project Intelligence Hub\scripts\evaluate_contract_letters.py","483","480-491","output","(""client rebuttal is actionable"", contains_any(output_text, [""recommended response"", ""counterargument"", ""evidence needed""]), 12),"
"1","Possible report reference","scripts\evaluate_contract_letters.py","C:\Users\pc\OneDrive\Documents\Project Intelligence Hub\scripts\evaluate_contract_letters.py","484","481-492","output","(""claim draft is submission-oriented"", contains_any(output_text, [""contractual basis"", ""factual background"", ""attachment checklist""]), 12),"
"1","Possible report reference","scripts\evaluate_contract_letters.py","C:\Users\pc\OneDrive\Documents\Project Intelligence Hub\scripts\evaluate_contract_letters.py","485","482-493","output","(""letters are linked to claims workflow"", contains_any(output_text, [""Letters Intelligence"", ""Notice Ref"", ""Next Action""]), 10),"
"1","Possible report reference","scripts\evaluate_contract_letters.py","C:\Users\pc\OneDrive\Documents\Project Intelligence Hub\scripts\evaluate_contract_letters.py","486","483-494","output","(""uses precise claims language"", contains_any(output_text, [""notice compliance"", ""time-bar"", ""critical path"", ""EOT"", ""concurrent""]), 10),"
"1","Possible report reference","scripts\evaluate_contract_letters.py","C:\Users\pc\OneDrive\Documents\Project Intelligence Hub\scripts\evaluate_contract_letters.py","515","512-523","output","OUTPUT_DIR.mkdir(parents=True, exist_ok=True)"
"1","Possible report reference","scripts\evaluate_contract_letters.py","C:\Users\pc\OneDrive\Documents\Project Intelligence Hub\scripts\evaluate_contract_letters.py","519","516-527","output","artifact_path = OUTPUT_DIR / f""artifact_{label}.md"""
"1","Possible report reference","scripts\evaluate_contract_letters.py","C:\Users\pc\OneDrive\Documents\Project Intelligence Hub\scripts\evaluate_contract_letters.py","521","518-529","output","scores = score_outputs(analysis, artifact_text, methodology_text)"
"1","Possible report reference","scripts\evaluate_contract_letters.py","C:\Users\pc\OneDrive\Documents\Project Intelligence Hub\scripts\evaluate_contract_letters.py","528","525-536","output","result_path = OUTPUT_DIR / f""scores_{label}.json"""
"1","Possible report reference","scripts\evaluate_contract_letters.py","C:\Users\pc\OneDrive\Documents\Project Intelligence Hub\scripts\evaluate_contract_letters.py","536","533-544","output","parser = argparse.ArgumentParser(description=""Score Contract & Claims and Letters Intelligence outputs."")"
"1","Possible report reference","scripts\evaluate_delay_tia.py","C:\Users\pc\OneDrive\Documents\Project Intelligence Hub\scripts\evaluate_delay_tia.py","32","29-40","output","SCORE_LOG = OUTPUT_DIR / ""score_log.jsonl"""
"1","Possible report reference","scripts\evaluate_delay_tia.py","C:\Users\pc\OneDrive\Documents\Project Intelligence Hub\scripts\evaluate_delay_tia.py","36","33-44","Document\(","doc = Document(path)"
"1","Possible report reference","scripts\evaluate_delay_tia.py","C:\Users\pc\OneDrive\Documents\Project Intelligence Hub\scripts\evaluate_delay_tia.py","179","176-187","output","""## Engine Output Samples"","
"1","Possible report reference","scripts\evaluate_delay_tia.py","C:\Users\pc\OneDrive\Documents\Project Intelligence Hub\scripts\evaluate_delay_tia.py","199","196-207","output","output_text = artifact_text.split(""## Methodology Text Evidence"", 1)[0]"
"1","Possible report reference","scripts\evaluate_delay_tia.py","C:\Users\pc\OneDrive\Documents\Project Intelligence Hub\scripts\evaluate_delay_tia.py","200","197-208","output","scored_text = output_text.split(""## Engine Output Samples"", 1)[-1]"
"1","Possible report reference","scripts\evaluate_delay_tia.py","C:\Users\pc\OneDrive\Documents\Project Intelligence Hub\scripts\evaluate_delay_tia.py","238","235-246","report","(""narrative is report-grade length"", len(scored_text) > 7000, 12),"
"1","Possible report reference","scripts\evaluate_delay_tia.py","C:\Users\pc\OneDrive\Documents\Project Intelligence Hub\scripts\evaluate_delay_tia.py","289","286-297","output","OUTPUT_DIR.mkdir(parents=True, exist_ok=True)"
"1","Possible report reference","scripts\evaluate_delay_tia.py","C:\Users\pc\OneDrive\Documents\Project Intelligence Hub\scripts\evaluate_delay_tia.py","293","290-301","output","artifact_path = OUTPUT_DIR / f""artifact_{label}.md"""
"1","Possible report reference","scripts\evaluate_delay_tia.py","C:\Users\pc\OneDrive\Documents\Project Intelligence Hub\scripts\evaluate_delay_tia.py","295","292-303","output","scores = score_outputs(analysis, source_frames, artifact_text, methodology_text)"
"1","Possible report reference","scripts\evaluate_delay_tia.py","C:\Users\pc\OneDrive\Documents\Project Intelligence Hub\scripts\evaluate_delay_tia.py","302","299-310","output","result_path = OUTPUT_DIR / f""scores_{label}.json"""
"1","Possible report reference","scripts\evaluate_delay_tia.py","C:\Users\pc\OneDrive\Documents\Project Intelligence Hub\scripts\evaluate_delay_tia.py","310","307-318","output","parser = argparse.ArgumentParser(description=""Score Delay TIA output against the methodology document."")"
"1","Possible report reference","scripts\evaluate_output_studio.py","C:\Users\pc\OneDrive\Documents\Project Intelligence Hub\scripts\evaluate_output_studio.py","20","17-28","report","REPORTS_DIR = ROOT / ""reports"""
"1","Possible report reference","scripts\evaluate_output_studio.py","C:\Users\pc\OneDrive\Documents\Project Intelligence Hub\scripts\evaluate_output_studio.py","22","19-30","output","SCORE_LOG = OUTPUT_DIR / ""score_log.jsonl"""
"1","Possible report reference","scripts\evaluate_output_studio.py","C:\Users\pc\OneDrive\Documents\Project Intelligence Hub\scripts\evaluate_output_studio.py","41","38-49","output","EXPECTED_OUTPUT_PATHS = ["
"1","Possible report reference","scripts\evaluate_output_studio.py","C:\Users\pc\OneDrive\Documents\Project Intelligence Hub\scripts\evaluate_output_studio.py","45","42-53","report","""Detailed Progress report"","
"1","Possible report reference","scripts\evaluate_output_studio.py","C:\Users\pc\OneDrive\Documents\Project Intelligence Hub\scripts\evaluate_output_studio.py","164","161-172","output","""Output"": str(path.relative_to(ROOT)),"
"1","Possible report reference","scripts\evaluate_output_studio.py","C:\Users\pc\OneDrive\Documents\Project Intelligence Hub\scripts\evaluate_output_studio.py","228","225-236","output","<section class=""panel""><h2>All Output Data Inspected</h2>{table(data_inventory, 120)}</section>"
"1","Possible report reference","scripts\evaluate_output_studio.py","C:\Users\pc\OneDrive\Documents\Project Intelligence Hub\scripts\evaluate_output_studio.py","237","234-245","output","OUTPUT_DIR.mkdir(parents=True, exist_ok=True)"
"1","Possible report reference","scripts\evaluate_output_studio.py","C:\Users\pc\OneDrive\Documents\Project Intelligence Hub\scripts\evaluate_output_studio.py","246","243-254","output","(""at least 15 output data sources inspected"", len(data_inventory) >= 15, 12),"
"1","Possible report reference","scripts\evaluate_output_studio.py","C:\Users\pc\OneDrive\Documents\Project Intelligence Hub\scripts\evaluate_output_studio.py","264","261-272","output","(""A3 / print-ready output referenced"", ""A3"" in studio_source and ""print"" in studio_source.lower(), 6),"
"1","Possible report reference","scripts\evaluate_output_studio.py","C:\Users\pc\OneDrive\Documents\Project Intelligence Hub\scripts\evaluate_output_studio.py","273","270-281","openpyxl","(""detailed progress validates openpyxl availability"", ""OPENPYXL_AVAILABLE"" in studio_source, 8),"
"1","Possible report reference","scripts\evaluate_output_studio.py","C:\Users\pc\OneDrive\Documents\Project Intelligence Hub\scripts\evaluate_output_studio.py","276","273-284","report","(""report assumptions displayed"", ""Assumptions / Limitations"" in studio_source, 8),"
"1","Possible report reference","scripts\evaluate_output_studio.py","C:\Users\pc\OneDrive\Documents\Project Intelligence Hub\scripts\evaluate_output_studio.py","286","283-294","output","(""no fallback to another project"", ""first_project_with_core_output_data"" not in source, 10),"
"1","Possible report reference","scripts\evaluate_output_studio.py","C:\Users\pc\OneDrive\Documents\Project Intelligence Hub\scripts\evaluate_output_studio.py","288","285-296","report","(""all detailed report formats remain available"", all(term in studio_source for term in [""spreadsheetml.sheet"", ""text/html"", ""wordprocessingml.document""]), 10),"
"1","Possible report reference","scripts\evaluate_output_studio.py","C:\Users\pc\OneDrive\Documents\Project Intelligence Hub\scripts\evaluate_output_studio.py","290","287-298","output","(""instructional governance panel remains removed"", ""Governed Output Paths"" not in studio_source, 8),"
"1","Possible report reference","scripts\evaluate_output_studio.py","C:\Users\pc\OneDrive\Documents\Project Intelligence Hub\scripts\evaluate_output_studio.py","343","340-348","output","""scores"": str(OUTPUT_DIR / f""scores_{args.label}.json""),"
"1","Possible report reference","scripts\sync_current_to_samco.ps1","C:\Users\pc\OneDrive\Documents\Project Intelligence Hub\scripts\sync_current_to_samco.ps1","105","102-113","report","""reports"","
"1","Possible report reference","scripts\sync_current_to_samco.ps1","C:\Users\pc\OneDrive\Documents\Project Intelligence Hub\scripts\sync_current_to_samco.ps1","142","139-150","report","$legacyReportTier = (""Super"" + ""_"" + ""Prem"" + ""ium"")"
"1","Possible report reference","scripts\sync_current_to_samco.ps1","C:\Users\pc\OneDrive\Documents\Project Intelligence Hub\scripts\sync_current_to_samco.ps1","144","141-152","report","($legacyToolName + ""_"" + (""Pro"" + ""mpt"") + ""_"" + $legacyReportTier + ""_Interactive_Progress_Report.md""),"
"1","Possible report reference","scripts\sync_current_to_samco_no_git.ps1","C:\Users\pc\OneDrive\Documents\Project Intelligence Hub\scripts\sync_current_to_samco_no_git.ps1","41","38-49","output","""PROJECT_DIAGNOSTIC_OUTPUT.txt"""
"1","Possible report reference","src\construction_system\openai_gateway.py","C:\Users\pc\OneDrive\Documents\Project Intelligence Hub\src\construction_system\openai_gateway.py","25","22-33","output","max_output_tokens: int"
"1","Possible report reference","src\construction_system\openai_gateway.py","C:\Users\pc\OneDrive\Documents\Project Intelligence Hub\src\construction_system\openai_gateway.py","58","55-66","output","max_output_tokens=int(os.getenv(""PROJECT_HUB_OPENAI_MAX_OUTPUT_TOKENS"", ""900"")),"
"1","Possible report reference","src\construction_system\openai_gateway.py","C:\Users\pc\OneDrive\Documents\Project Intelligence Hub\src\construction_system\openai_gateway.py","87","84-95","output","output_json TEXT,"
"1","Possible report reference","src\construction_system\openai_gateway.py","C:\Users\pc\OneDrive\Documents\Project Intelligence Hub\src\construction_system\openai_gateway.py","104","101-112","output","""SELECT output_json FROM ai_runs WHERE cache_key = ? AND status = 'ok' AND output_json IS NOT NULL"","
"1","Possible report reference","src\construction_system\openai_gateway.py","C:\Users\pc\OneDrive\Documents\Project Intelligence Hub\src\construction_system\openai_gateway.py","125","122-133","output","output: dict[str, Any] | None,"
"1","Possible report reference","src\construction_system\openai_gateway.py","C:\Users\pc\OneDrive\Documents\Project Intelligence Hub\src\construction_system\openai_gateway.py","143","140-151","output","output_json = excluded.output_json,"
"1","Possible report reference","src\construction_system\openai_gateway.py","C:\Users\pc\OneDrive\Documents\Project Intelligence Hub\src\construction_system\openai_gateway.py","155","152-163","output","json.dumps(output, ensure_ascii=True, default=str) if output is not None else None,"
"1","Possible report reference","src\construction_system\openai_gateway.py","C:\Users\pc\OneDrive\Documents\Project Intelligence Hub\src\construction_system\openai_gateway.py","194","191-202","output","max_output_tokens=settings.max_output_tokens,"
"1","Possible report reference","src\construction_system\openai_gateway.py","C:\Users\pc\OneDrive\Documents\Project Intelligence Hub\src\construction_system\openai_gateway.py","204","201-212","output","raw_text = getattr(response, ""output_text"", """") or """""
"1","Possible report reference","src\construction_system\project_catalog.py","C:\Users\pc\OneDrive\Documents\Project Intelligence Hub\src\construction_system\project_catalog.py","31","28-39","output","""11-outputs"","
"1","Possible report reference","src\construction_system\project_catalog.py","C:\Users\pc\OneDrive\Documents\Project Intelligence Hub\src\construction_system\project_catalog.py","189","186-197","output","""outputs"": Path(""11-outputs""),"
"1","Possible report reference","src\construction_system\project_catalog.py","C:\Users\pc\OneDrive\Documents\Project Intelligence Hub\src\construction_system\project_catalog.py","190","187-198","report","""reports"": Path(""10-deliverables""),"
"1","Possible report reference","src\construction_system\project_context.py","C:\Users\pc\OneDrive\Documents\Project Intelligence Hub\src\construction_system\project_context.py","23","20-31","output","outputs_path: Path"
"1","Possible report reference","src\construction_system\project_context.py","C:\Users\pc\OneDrive\Documents\Project Intelligence Hub\src\construction_system\project_context.py","24","21-32","report","reports_path: Path"
"1","Possible report reference","src\construction_system\project_context.py","C:\Users\pc\OneDrive\Documents\Project Intelligence Hub\src\construction_system\project_context.py","49","46-57","output","portfolio_root = projects_root.parent / ""11-outputs"" / ""portfolio_scope"""
"1","Possible report reference","src\construction_system\project_context.py","C:\Users\pc\OneDrive\Documents\Project Intelligence Hub\src\construction_system\project_context.py","62","59-70","output","outputs_path=portfolio_root / ""11-outputs"","
"1","Possible report reference","src\construction_system\project_context.py","C:\Users\pc\OneDrive\Documents\Project Intelligence Hub\src\construction_system\project_context.py","63","60-71","report","reports_path=portfolio_root / ""10-deliverables"","
"1","Possible report reference","src\construction_system\project_context.py","C:\Users\pc\OneDrive\Documents\Project Intelligence Hub\src\construction_system\project_context.py","90","87-98","output","outputs_path=folder_path / ""11-outputs"","
"1","Possible report reference","src\construction_system\project_context.py","C:\Users\pc\OneDrive\Documents\Project Intelligence Hub\src\construction_system\project_context.py","91","88-99","report","reports_path=folder_path / ""10-deliverables"","
"1","Possible report reference","src\construction_system\reporting.py","C:\Users\pc\OneDrive\Documents\Project Intelligence Hub\src\construction_system\reporting.py","35","32-43","output","output_path.parent.mkdir(parents=True, exist_ok=True)"
"1","Possible report reference","src\construction_system\reporting.py","C:\Users\pc\OneDrive\Documents\Project Intelligence Hub\src\construction_system\reporting.py","49","46-57","report","<title>Project Control Report</title>"
"1","Possible report reference","src\construction_system\reporting.py","C:\Users\pc\OneDrive\Documents\Project Intelligence Hub\src\construction_system\reporting.py","65","62-73","report","<h1>Construction Project Control and Contract Management Report</h1>"
"1","Possible report reference","src\construction_system\reporting.py","C:\Users\pc\OneDrive\Documents\Project Intelligence Hub\src\construction_system\reporting.py","103","100-103","output","return output_path"
"1","Possible report reference","tests\test_project_catalog.py","C:\Users\pc\OneDrive\Documents\Project Intelligence Hub\tests\test_project_catalog.py","59","56-67","to_csv","pd.DataFrame([{""activity_id"": ""A1""}]).to_csv(first, index=False)"
"1","Possible report reference","tests\test_project_catalog.py","C:\Users\pc\OneDrive\Documents\Project Intelligence Hub\tests\test_project_catalog.py","60","57-68","to_csv","pd.DataFrame([{""activity_id"": ""A2"", ""project_id"": """"}]).to_csv(second, index=False)"
"1","Possible report reference","tools\generate_data_lineage.py","C:\Users\pc\OneDrive\Documents\Project Intelligence Hub\tools\generate_data_lineage.py","24","21-32","output","""output_file_where_used"": output,"
"1","Possible report reference","tools\generate_data_lineage.py","C:\Users\pc\OneDrive\Documents\Project Intelligence Hub\tools\generate_data_lineage.py","33","30-41","output","item(""Global"", ""Project selector"", ""Dropdown label and folder label"", ""project_manifest.json"", ""project_id, project_display_name, project_folder_name, project_folder_path, status"", ""Folder discovery; stable project_id; current folder name shown when different"", ""project_catalog.discover_projects / dashboard.project_filter_options"", scope=""portfolio"", source_folder="""", output=""All tabs""),"
"1","Possible report reference","tools\generate_data_lineage.py","C:\Users\pc\OneDrive\Documents\Project Intelligence Hub\tools\generate_data_lineage.py","60","57-68","output","item(""Contract & Claims Intelligence Center"", ""Claims intelligence"", ""Documents, clauses, evidence mappings, drafts, rebuttals"", ""contract_claims.db + 05-contracts/source + 06-evidence"", ""project_id, document path/hash, clause, evidence, mapping score, draft"", ""Physically separate SQLite database per project; project trace columns added to UI frames"", ""contract_claims_center.* / dashboard claims tab"", source_folder=""05-contracts"", output=""projects/{project_folder_name}/11-outputs""),"
"1","Possible report reference","tools\generate_data_lineage.py","C:\Users\pc\OneDrive\Documents\Project Intelligence Hub\tools\generate_data_lineage.py","78","75-86","output","""This document maps visible application outputs to project-owned sources. `project_id` is the stable identity; `project_folder_name` is the current folder location. Folder renames update the manifest path without changing project identity."","
"1","Possible report reference","tools\github_no_git_sync.ps1","C:\Users\pc\OneDrive\Documents\Project Intelligence Hub\tools\github_no_git_sync.ps1","12","9-20","output","$logPath = Join-Path $root ""11-outputs\logs\github_sync.log"""
"1","Possible report reference","tools\validate_project_isolation.py","C:\Users\pc\OneDrive\Documents\Project Intelligence Hub\tools\validate_project_isolation.py","39","36-47","output","""11-outputs"","
"1","Possible report reference","tools\validate_project_isolation.py","C:\Users\pc\OneDrive\Documents\Project Intelligence Hub\tools\validate_project_isolation.py","44","41-52","output","""outputs"","
"1","Possible report reference","tools\validate_project_isolation.py","C:\Users\pc\OneDrive\Documents\Project Intelligence Hub\tools\validate_project_isolation.py","83","80-91","output","subprocess.run(command, cwd=ROOT, check=True, capture_output=True, text=True, timeout=180)"
"1","Possible report reference","tools\validate_project_isolation.py","C:\Users\pc\OneDrive\Documents\Project Intelligence Hub\tools\validate_project_isolation.py","150","147-158","output","sync_files = [ROOT / ""tools/github_no_git_sync.ps1"", ROOT / ""tools/github_sync_config.json"", ROOT / ""11-outputs/logs/github_sync.log"", ROOT / "".sync_state/local_manifest.json""]"
